Employee_ID,Attrition_rate
EID_22713,0.1950088949035499
EID_9658,0.22073241117366002
EID_22203,0.17844719819181204
EID_7652,0.19172289656625272
EID_6516,0.18736216069458678
EID_20283,0.19070941057206459
EID_21014,0.18913229746582866
EID_7693,0.1786836621137923
EID_13232,0.21543035981005024
EID_6515,0.17569930360618916
EID_13639,0.21268123029308145
EID_14669,0.18612887608187628
EID_16537,0.23917688017601496
EID_5782,0.25233333140186465
EID_20157,0.17120818020934356
EID_1855,0.18776584465789883
EID_20748,0.20279146325817235
EID_23179,0.17559010340540018
EID_12838,0.18410564101603083
EID_21656,0.18147955069673996
EID_8844,0.20603904554644956
EID_1536,0.20035898921636958
EID_8822,0.16111311577050372
EID_11398,0.24645084971570194
EID_12965,0.20892051056763702
EID_5204,0.18420005231513142
EID_10030,0.19944441430536017
EID_13227,0.1927460733513989
EID_20607,0.17364013954564336
EID_14070,0.19333533271736345
EID_3755,0.20410643701458514
EID_5459,0.1643234559742801
EID_7697,0.17455673544476044
EID_3935,0.18622869045444937
EID_19046,0.1674480200170928
EID_4040,0.2117147357694926
EID_17730,0.17502530932114022
EID_4995,0.17791109366048863
EID_24653,0.22661262414558933
EID_6978,0.20947807611531905
EID_13775,0.1905264814667699
EID_14608,0.2249240598691807
EID_3148,0.17664544249283806
EID_24868,0.1970324701768737
EID_5521,0.18786023936592502
EID_21155,0.3690599144334799
EID_3840,0.19747230383880485
EID_10646,0.1812329040255917
EID_6711,0.18586088138847054
EID_16247,0.19284002660996213
EID_16789,0.17467671816143748
EID_17967,0.19821865911260153
EID_13270,0.20454840869683752
EID_18462,0.18476604971851474
EID_22248,0.18916761611779404
EID_22693,0.16820142947760047
EID_25662,0.1771742455533205
EID_23346,0.18317441557066766
EID_4437,0.17649214305086125
EID_18108,0.20377226346868546
EID_7000,0.16766198056796536
EID_22770,0.19675504264888893
EID_7816,0.1827590480489744
EID_19615,0.18342589409691784
EID_23807,0.18274602475188084
EID_16764,0.1994416883317215
EID_16818,0.1717875947800188
EID_22712,0.19406845721871613
EID_18198,0.18872328161278595
EID_11154,0.19590642837262437
EID_22137,0.19148663147048117
EID_11655,0.18693924191424496
EID_18514,0.28166482181526753
EID_24742,0.30939062277933027
EID_16019,0.18186848555561555
EID_7357,0.1918426128693061
EID_20106,0.32156344319102104
EID_13284,0.1978399623359122
EID_5451,0.19100608162248714
EID_19728,0.2120202290206811
EID_9178,0.17635360146602047
EID_13177,0.1732665509334739
EID_14300,0.18392873500730947
EID_4379,0.18072006682782304
EID_11285,0.17769511042290978
EID_14882,0.19685811130928368
EID_9969,0.16617914612982107
EID_23643,0.18042979147489782
EID_5935,0.20780007477158602
EID_7741,0.1682079720793586
EID_6176,0.19658373255402864
EID_5418,0.23528985896596996
EID_20626,0.15627543899464982
EID_1725,0.17856784609919152
EID_14317,0.1726441601899337
EID_12120,0.21423970445292234
EID_20264,0.17946446914781988
EID_16691,0.17487559918462375
EID_1093,0.17561623468402687
EID_2565,0.15966977225939893
EID_11463,0.1995327842516683
EID_12005,0.18161488373744725
EID_10326,0.19288659954752274
EID_12582,0.2011992295329418
EID_18228,0.19283076952473346
EID_11670,0.1850989379925235
EID_24257,0.17989590974057199
EID_7024,0.17959969102061352
EID_10382,0.19288394861927174
EID_20210,0.20796922465423745
EID_10294,0.16727479785157748
EID_19941,0.18525832660038558
EID_25572,0.17810221625471062
EID_7758,0.17609953702194106
EID_22718,0.22111311220394392
EID_1078,0.19358651894350704
EID_8227,0.17745557848589572
EID_1702,0.19300990032046145
EID_3532,0.1930167720397063
EID_22452,0.18695609054041212
EID_3019,0.18946244959046823
EID_22264,0.18403155565389753
EID_9866,0.18227697946111124
EID_3520,0.1695753156050668
EID_21098,0.19303525659082216
EID_1186,0.1849290949046053
EID_12355,0.25621323249281563
EID_11020,0.16727188736937926
EID_19193,0.15127193789152737
EID_17787,0.18980051724544017
EID_13719,0.18953760637468617
EID_24449,0.1825793946278689
EID_12957,0.22857080158976473
EID_24794,0.19402449788693557
EID_2866,0.1898164554127585
EID_10563,0.17782281324286245
EID_22492,0.20313558685700958
EID_4106,0.20459885120369986
EID_6648,0.17567662185441973
EID_7209,0.20158241950358632
EID_9692,0.18265901450225197
EID_22763,0.1775817310831968
EID_12622,0.17828574340126285
EID_9831,0.144961268632483
EID_5731,0.18708347206605974
EID_1114,0.18093990289126627
EID_25017,0.19653774119786527
EID_22956,0.1761576768292525
EID_5549,0.20689319014623825
EID_12022,0.2120600309192962
EID_8034,0.17794348245802977
EID_20644,0.1756360382403673
EID_20125,0.1847103954949595
EID_21957,0.1871511221505811
EID_8870,0.17143241688890615
EID_2305,0.1801967258427915
EID_3977,0.18286358986165022
EID_14845,0.153019340617517
EID_6629,0.18625287953679434
EID_14577,0.22948543773005387
EID_24509,0.17621429376838635
EID_1530,0.18973781128008899
EID_21524,0.19857927494613511
EID_6647,0.16511619190918989
EID_19730,0.19302618577616243
EID_4424,0.18685083050431137
EID_7964,0.18818756290088523
EID_6289,0.18203018164908363
EID_2899,0.19020810864384724
EID_2827,0.19437703046246554
EID_8801,0.1813814237611243
EID_20454,0.22671559053010232
EID_18988,0.1642856892530908
EID_8405,0.1926535886296915
EID_14497,0.1839007571075984
EID_11769,0.18935231657485904
EID_21353,0.18032976817712093
EID_2221,0.16286548589132044
EID_13218,0.1797306532216564
EID_4576,0.18559595159693557
EID_17470,0.20225547531101357
EID_14817,0.20148779140271772
EID_21845,0.19252967937649373
EID_21987,0.18661535332533974
EID_1168,0.18775075494494656
EID_14315,0.1963100493534857
EID_5043,0.19279617125588702
EID_1967,0.18721094473384914
EID_22274,0.18626141171906122
EID_11091,0.17260508293800877
EID_18421,0.15234022422969498
EID_8316,0.18806055656621784
EID_13308,0.203395916764555
EID_19481,0.20932272773301153
EID_17732,0.18581840869366797
EID_4504,0.1840383058577409
EID_2539,0.19476149512225088
EID_19529,0.17088452076641067
EID_2279,0.18563773146673113
EID_14508,0.1750010748809606
EID_12241,0.20973365473779643
EID_11530,0.17772039038736223
EID_20147,0.16797986388111147
EID_6154,0.190641261730211
EID_3523,0.18118819308219783
EID_20453,0.1878276075163695
EID_11929,0.21191240529003544
EID_12840,0.1776899473544255
EID_22320,0.193504360560525
EID_25383,0.1871363123137365
EID_10731,0.1996116881577877
EID_1017,0.1615247600799768
EID_1819,0.2420387580785977
EID_22849,0.18724295939288838
EID_12290,0.17195458831341068
EID_24238,0.17606172704584752
EID_3105,0.19218256557609015
EID_14242,0.20031727563662458
EID_16569,0.2011106873693885
EID_8094,0.19083626452743058
EID_7824,0.1871974568164401
EID_8978,0.2022317440322953
EID_25314,0.198947892505926
EID_17810,0.20346128864036725
EID_14856,0.18075257556519397
EID_22144,0.2252336027023261
EID_23603,0.2103333491642807
EID_7211,0.17154608676272384
EID_19340,0.19165838102929347
EID_1501,0.20686066674184656
EID_22111,0.17740524295076068
EID_16147,0.18896494543411463
EID_16746,0.19675203321723259
EID_20777,0.15946698701158366
EID_12999,0.18926577139540474
EID_21663,0.22386879779352814
EID_11862,0.19065901327760343
EID_17683,0.21758313292642384
EID_19819,0.21337532346533475
EID_21562,0.17665247955298713
EID_24390,0.17291855183331195
EID_14444,0.2011950861546462
EID_3261,0.17416005636716933
EID_7752,0.13926036811141465
EID_3033,0.16493336876802436
EID_22433,0.16247560170000155
EID_23727,0.1693925121551147
EID_24107,0.1778770316932901
EID_22537,0.23134858356486981
EID_13645,0.190364799994993
EID_16021,0.19353786015842386
EID_19800,0.2020443569043674
EID_1944,0.171676665629281
EID_15868,0.17923989049746486
EID_22188,0.2007821536316048
EID_13833,0.18684291373097384
EID_15028,0.1695620046072709
EID_24861,0.1807123918275422
EID_13033,0.17657400449710198
EID_23673,0.2050356108710987
EID_13265,0.2110480580109084
EID_23411,0.1972832271168286
EID_3761,0.1760533871568021
EID_7299,0.18299079890739636
EID_2379,0.16780109677704852
EID_18863,0.20825800211076198
EID_12115,0.19362364535921522
EID_23879,0.17232664376632909
EID_16586,0.1788330486496797
EID_19003,0.3316023842778821
EID_11107,0.19765485797860377
EID_15416,0.1911233488056005
EID_19214,0.22176421973350635
EID_5135,0.17777701465353749
EID_22464,0.21136886197264393
EID_22759,0.17610925358103838
EID_17833,0.18675366055945733
EID_17627,0.2130029559606545
EID_25730,0.18869471481277528
EID_2377,0.18897974903580944
EID_18085,0.1906307710900277
EID_14096,0.1779182982505457
EID_8384,0.18662110888578676
EID_17105,0.1957690327194962
EID_9929,0.1751082061497393
EID_13267,0.2040197192462417
EID_12954,0.16030933470325903
EID_4464,0.18231515519749117
EID_11464,0.20309777080718222
EID_19308,0.32732505291359426
EID_17530,0.18664690024642597
EID_6981,0.2001454302960782
EID_19951,0.2604305332010733
EID_1100,0.1851370299967784
EID_25145,0.2748292000796664
EID_15614,0.18522505157899646
EID_2961,0.20801467751996883
EID_1742,0.175707884035033
EID_2843,0.17314915855130777
EID_9549,0.19411528044744544
EID_12832,0.1818407415667088
EID_17914,0.18157662329666394
EID_22832,0.241619887897885
EID_5755,0.17931303491206885
EID_1141,0.1598858977583357
EID_18954,0.350452847005998
EID_10824,0.1764942445298618
EID_24478,0.1890878038431614
EID_14916,0.22558096732501298
EID_4434,0.2003981732841699
EID_23650,0.17483244670758966
EID_16556,0.180979671446961
EID_24656,0.1883998674935081
EID_25965,0.22858584796982867
EID_9279,0.20387573086193134
EID_13802,0.19357061500562509
EID_2748,0.18373720237559313
EID_17346,0.23160108453998782
EID_1171,0.21352341013938528
EID_1552,0.17487533511499695
EID_20674,0.17738752209768333
EID_2475,0.1978601461404719
EID_16714,0.1864497290088634
EID_7857,0.15911180944563671
EID_3294,0.17571414578343775
EID_2280,0.18226802910029344
EID_10203,0.16278018360538135
EID_22162,0.22721030234970163
EID_10438,0.17822738930727414
EID_12898,0.19287897660541942
EID_4358,0.17813287067207095
EID_6179,0.17438544853655913
EID_2538,0.1631403320706601
EID_13110,0.17061211816546262
EID_24585,0.21520105909070122
EID_1006,0.18859884529797055
EID_11632,0.19461727921530322
EID_21011,0.19351857536738318
EID_16869,0.19082817523772105
EID_20564,0.18571091199595222
EID_12996,0.2324709508515901
EID_1503,0.14828704335247586
EID_23053,0.1933705882605442
EID_22049,0.18010943326064835
EID_4346,0.20482722407142018
EID_1887,0.18243937903795981
EID_16849,0.15079003358977047
EID_10071,0.24707823264781978
EID_11265,0.1951208202533651
EID_12611,0.19540038408274993
EID_25542,0.15824632733087907
EID_11582,0.18444315368914224
EID_19550,0.16761433034255813
EID_5351,0.17980079558348713
EID_3305,0.1244968137886908
EID_18846,0.1978918202985458
EID_24764,0.19739129415269546
EID_2191,0.19054550978159396
EID_6314,0.18148561565544027
EID_23248,0.16826795892931048
EID_4570,0.16576708776907736
EID_16415,0.1679431145683854
EID_11002,0.19673328619840752
EID_20498,0.17570134613989552
EID_7846,0.18437673602909976
EID_24121,0.1944033556549791
EID_7536,0.18674776976974833
EID_2015,0.19288881347216946
EID_7934,0.20537951685430786
EID_20903,0.18095439548355477
EID_17535,0.20422933008540634
EID_19760,0.1726927290218174
EID_9550,0.18694780439860498
EID_4261,0.18790831565555677
EID_19753,0.192308748034875
EID_13542,0.18339178481671364
EID_24283,0.17612192483280972
EID_7552,0.17395084191138252
EID_11577,0.1846282848925983
EID_3228,0.20185441548251354
EID_17468,0.18103064045042133
EID_15815,0.14888094824138037
EID_2093,0.1485312478722368
EID_21356,0.18701364378022456
EID_12357,0.18597353523227061
EID_18495,0.29586450433440215
EID_5098,0.16881890873847755
EID_12691,0.13824427517047966
EID_13240,0.19655804357265128
EID_19312,0.17454324425696396
EID_23914,0.19442273435818883
EID_23175,0.17288626886384212
EID_15413,0.18659916600041515
EID_4785,0.16163612052874818
EID_25933,0.17611214775071923
EID_22705,0.18960127546133004
EID_19350,0.32009266545171783
EID_5369,0.18831795463296214
EID_20410,0.19551681186259703
EID_12557,0.1981019036159784
EID_17678,0.17361273214301068
EID_1342,0.15146422613508573
EID_12230,0.20943918717364893
EID_1311,0.19265641454174393
EID_5860,0.1940021021011914
EID_4259,0.18740687838713715
EID_10209,0.21067566746462352
EID_2300,0.20223480138200034
EID_17408,0.18587817233879378
EID_1883,0.18171241702710328
EID_1053,0.17553050967057054
EID_23610,0.19366444055821883
EID_17585,0.19845858288173945
EID_20845,0.18005052051038498
EID_15683,0.18092444573844765
EID_11976,0.2049796474324627
EID_12031,0.19414974703932802
EID_1711,0.18831478331952892
EID_6239,0.18921812193438262
EID_25541,0.16735107612076824
EID_9308,0.16973567805847176
EID_18168,0.20163791503316303
EID_11934,0.1785883959278182
EID_23472,0.19798811813019246
EID_13731,0.17060360764399973
EID_16069,0.19642279467825652
EID_18276,0.19188938971672492
EID_6141,0.20968265452146237
EID_12061,0.1971118879424011
EID_9450,0.2001180569724946
EID_21730,0.18037477531410331
EID_19506,0.18672777238360047
EID_13552,0.17342742000662714
EID_9945,0.2077716661656592
EID_1924,0.20683311995472473
EID_18453,0.16220892697741804
EID_20225,0.19416668949514948
EID_18673,0.29973592989927467
EID_11420,0.19699123363443855
EID_16631,0.20524880876939153
EID_21237,0.17742189320310128
EID_5015,0.17292043009597174
EID_20179,0.22567617850793636
EID_12073,0.19698012752194805
EID_21147,0.1720668732995241
EID_6714,0.18295765487339538
EID_10645,0.1872538937233044
EID_18298,0.20260626458855222
EID_2640,0.16759063596245802
EID_2318,0.1817368045500984
EID_25226,0.1911436621319204
EID_24099,0.18581547312232405
EID_20938,0.197027961817733
EID_8377,0.19268438262042475
EID_7023,0.18745756420520102
EID_11385,0.198947892505926
EID_15016,0.1633358544047048
EID_25794,0.1997761062114989
EID_11494,0.22768406821615558
EID_2425,0.17877251902060046
EID_9847,0.19523090906681634
EID_3570,0.193610094976231
EID_13573,0.20528616838434244
EID_13780,0.2219210945050281
EID_2949,0.1695168872745027
EID_19834,0.1823454826222239
EID_11384,0.1976908945683186
EID_23154,0.18932323168213197
EID_9337,0.20019229894414245
EID_3653,0.1955287860297442
EID_4850,0.16429994623838545
EID_16283,0.2047782665426705
EID_5107,0.1707908374434986
EID_25156,0.2061871200083325
EID_17223,0.18111385633519622
EID_14695,0.18077649821919609
EID_11374,0.18979530446521098
EID_13672,0.2332057408814681
EID_6782,0.25976463076611056
EID_25074,0.1895280011805353
EID_21087,0.19557681510298064
EID_13017,0.19906478117202547
EID_9947,0.21493859167666776
EID_21221,0.21052135706103078
EID_21639,0.1796256227994405
EID_20333,0.17477879319659856
EID_2970,0.18293519510041403
EID_7624,0.1753327868473813
EID_15741,0.2041932973983313
EID_1312,0.17100391432905931
EID_19575,0.180804705379854
EID_21047,0.18591341027470015
EID_11969,0.1992781555522192
EID_19145,0.24071368219514885
EID_9871,0.1693021746959034
EID_18852,0.17096878099357754
EID_22326,0.20933648941775937
EID_7259,0.18206709299481372
EID_21920,0.18486932516011848
EID_1436,0.17973972795023785
EID_8261,0.17111917000115462
EID_23228,0.1777168021707355
EID_5560,0.16172983120167844
EID_22357,0.23297623434472758
EID_4816,0.19177493991732178
EID_10000,0.17680873516674325
EID_21908,0.1837826946443159
EID_14887,0.17312237116133522
EID_12497,0.18920317957155838
EID_17976,0.16092603694643845
EID_17356,0.18302645089310862
EID_9785,0.14681941138543844
EID_16224,0.19286514566429164
EID_6020,0.1691898394006953
EID_20716,0.18322109962003222
EID_11351,0.2032520020126941
EID_20899,0.19412065636664097
EID_9718,0.17935465067691245
EID_9479,0.1802139287050338
EID_25048,0.19994125188585576
EID_23370,0.17968703403605735
EID_13877,0.19829679313656795
EID_12256,0.17955765948461985
EID_1903,0.18255843641860395
EID_8830,0.17893525366261936
EID_22060,0.19331632890173178
EID_11996,0.21716306355362106
EID_21061,0.16551927110072587
EID_22604,0.18463076154751001
EID_18463,0.25444658294648936
EID_11375,0.20123502106000896
EID_2685,0.17833053538480517
EID_16010,0.16195353343796823
EID_19288,0.325728794674877
EID_9283,0.17250941960936503
EID_11122,0.17223551882303895
EID_6638,0.18572103896218004
EID_25516,0.1912930849038572
EID_3864,0.17992845005312677
EID_9746,0.1624549717302537
EID_8407,0.19309605915342695
EID_25463,0.1798754019441337
EID_23098,0.22695152964065857
EID_22512,0.19683072003497526
EID_14671,0.2080872484713517
EID_18482,0.3196299365764665
EID_8151,0.18877345035850435
EID_16624,0.1825969994294929
EID_1983,0.22715374259437748
EID_18445,0.15434845453113
EID_11891,0.1939979120469027
EID_2010,0.1826909068045359
EID_4592,0.17065593612465832
EID_17412,0.20139099107015174
EID_24883,0.2591293760958571
EID_15661,0.20440799073809363
EID_11757,0.23866239645560572
EID_2627,0.19139062738213605
EID_13243,0.24521809004673004
EID_10917,0.18034943736976328
EID_4360,0.17169110115152023
EID_13536,0.1837995933758189
EID_10695,0.19447975785544394
EID_5746,0.1751485772740338
EID_1178,0.20791922214666936
EID_15290,0.17294625934081337
EID_3540,0.21647782250595313
EID_14684,0.1726837607865638
EID_7914,0.18562408791986343
EID_23733,0.18215255940731293
EID_5907,0.18659892740387599
EID_5142,0.1861811171869836
EID_7686,0.1843143655730653
EID_12078,0.1781557241452428
EID_4880,0.17373963035084566
EID_1527,0.17685995515033767
EID_15919,0.20190695695369743
EID_1260,0.17702764380997058
EID_22377,0.3420611000411039
EID_7876,0.18876431180949899
EID_1213,0.17369554359564207
EID_4161,0.17851506423774638
EID_3214,0.15781086450126441
EID_17651,0.25963075031543825
EID_8005,0.19372860103480177
EID_12852,0.16197727783513466
EID_21465,0.2097333055923866
EID_7371,0.20192835277408344
EID_25687,0.17369169749244046
EID_17222,0.16624492690455756
EID_1994,0.162415093544834
EID_22384,0.1718112276771423
EID_6344,0.1674402503282576
EID_18801,0.3466879261900126
EID_13688,0.2148176619434351
EID_13779,0.1843976970597651
EID_24969,0.15754464347208952
EID_15311,0.21607063005216884
EID_9095,0.19034040850041228
EID_11675,0.1824176578010413
EID_14870,0.17812195534593564
EID_1575,0.20391772592397714
EID_7440,0.18244659324989604
EID_24259,0.18005983588045388
EID_19501,0.19414849093767733
EID_23743,0.1823847111690965
EID_13287,0.2175338029090247
EID_2226,0.17010334842234023
EID_22439,0.20287316270083625
EID_16078,0.17332964230299155
EID_18895,0.19525213124868654
EID_19860,0.17715413755251175
EID_24564,0.1915852819697767
EID_21747,0.17097570853250743
EID_4659,0.14745348834823008
EID_24149,0.16425032077799187
EID_13300,0.17880713987281988
EID_16950,0.1872719085006528
EID_23778,0.17186541776341782
EID_14691,0.19175219646804853
EID_10789,0.19069345438918164
EID_5525,0.1992449177828025
EID_19424,0.2073463776096122
EID_6171,0.1795877564560632
EID_19569,0.16465324462561687
EID_4602,0.18089453733645597
EID_17919,0.18265897713673793
EID_4286,0.177652754086839
EID_1973,0.18651712255595088
EID_25715,0.16802662328184828
EID_23385,0.1940274024560347
EID_13681,0.22293448391165677
EID_25410,0.19793846680596527
EID_18267,0.19940753429248043
EID_15252,0.18237297688360044
EID_23214,0.20376429708578944
EID_18551,0.2231565009559619
EID_2401,0.1880654652555731
EID_7609,0.1815334022028796
EID_21291,0.16177872950262362
EID_10126,0.17423446761389896
EID_19714,0.19112250505733266
EID_4911,0.19374581743904748
EID_12505,0.1805658680273334
EID_10377,0.19362354869201395
EID_3407,0.18104187772916577
EID_3386,0.17617047788679543
EID_7623,0.1703702215644335
EID_19517,0.19384664932260337
EID_21782,0.3420811395262751
EID_12361,0.2157844049167696
EID_21171,0.18035920139400005
EID_17836,0.1961221067628808
EID_20286,0.2226205903000639
EID_25798,0.16261933098882078
EID_15699,0.1918408168817543
EID_17006,0.1945324176321654
EID_22476,0.1857069689306032
EID_9406,0.16063988949526373
EID_13559,0.17168520181949928
EID_1340,0.17583468792576962
EID_17848,0.2017499288336192
EID_20358,0.2883541530307137
EID_14265,0.1915605136786346
EID_9820,0.1890108476380737
EID_13755,0.1633878563413063
EID_13293,0.22863433855409096
EID_25837,0.1802726597758187
EID_20466,0.21087370962754723
EID_11032,0.3181330685079934
EID_2399,0.19933105374545496
EID_23917,0.19951572150707417
EID_17011,0.19754287301950207
EID_8967,0.17512352277486465
EID_24468,0.19115368261891758
EID_8435,0.18036693210624785
EID_17953,0.16591535994142192
EID_7140,0.18452449964106263
EID_24404,0.17542749892320683
EID_14380,0.19242749489496805
EID_1232,0.19569206404761208
EID_1573,0.19818734185969533
EID_3684,0.20080664231021603
EID_15824,0.20199862809936817
EID_9212,0.1944636594304624
EID_21121,0.1877437532675652
EID_6346,0.18188636149962062
EID_9525,0.18679850474350368
EID_9726,0.17508044555140775
EID_2526,0.1950793301364849
EID_4228,0.19163275713003994
EID_14595,0.1501836829027265
EID_15856,0.20221485167602202
EID_6768,0.19299233817314865
EID_23953,0.19712991557913911
EID_19059,0.312803517641507
EID_5268,0.17430779526246798
EID_7619,0.17984631901808013
EID_23028,0.17151681158407606
EID_22104,0.2073868310952929
EID_10318,0.18144164968596427
EID_25369,0.21947970470826128
EID_16633,0.22158191383735215
EID_15848,0.1851052465006471
EID_2240,0.17288018796730248
EID_1059,0.18562603696574986
EID_9315,0.1898306038489985
EID_15388,0.18981774618339747
EID_9984,0.1750146125561959
EID_4296,0.19318126228742863
EID_10927,0.17871598512640452
EID_25054,0.18291135459185912
EID_1884,0.17884000264872552
EID_21960,0.14833058422490716
EID_5572,0.18670231431638937
EID_16872,0.19827949402973363
EID_24525,0.2001703210209868
EID_14237,0.18173894265330146
EID_7114,0.18658496752786544
EID_7448,0.1824054285255847
EID_17668,0.1552359988332622
EID_7674,0.19749018903128004
EID_5884,0.17059548925394374
EID_13942,0.18629488557037407
EID_13098,0.18763641364328754
EID_7695,0.2040514215777816
EID_5350,0.17865779993694272
EID_22853,0.18548669871373347
EID_2385,0.18870507281939614
EID_18006,0.18437488143591677
EID_12875,0.18039585048929266
EID_5478,0.19699384224374483
EID_18690,0.3304053858165611
EID_12545,0.21151968845781335
EID_13888,0.2188273850240662
EID_9732,0.2274962265326248
EID_18001,0.20650806135247654
EID_17479,0.20718044315241912
EID_23757,0.19031010039886537
EID_1303,0.2142088128347277
EID_5375,0.18443511692835332
EID_5869,0.18137528020197968
EID_8825,0.18673425712258615
EID_22567,0.18859084775613036
EID_16273,0.18477486374104496
EID_20618,0.18589060789889847
EID_3608,0.17924094476800695
EID_8806,0.1890992826362104
EID_23170,0.1920538860783605
EID_12243,0.21173087454941794
EID_20089,0.17852155867179262
EID_16852,0.18712237498256207
EID_18312,0.17245221324762147
EID_14010,0.18283422220072124
EID_14705,0.2047873798199595
EID_20956,0.19776012361412065
EID_18794,0.1797006924497173
EID_1629,0.19180256999545714
EID_25483,0.19418219713519527
EID_4542,0.1813879048024813
EID_10076,0.19868725265093165
EID_9469,0.17899307521559374
EID_25284,0.19433049686188808
EID_11972,0.18528373801318068
EID_1798,0.19465344561897255
EID_21903,0.19189167616859498
EID_20031,0.18143048340352824
EID_20365,0.1715079284782077
EID_9210,0.18031062305910578
EID_19750,0.19862347683616627
EID_4006,0.16864302158152134
EID_24922,0.1711080268463998
EID_4760,0.16211530481996478
EID_11035,0.17365192561816759
EID_21008,0.2005519827180462
EID_23731,0.18559836911988162
EID_21788,0.19393103333357725
EID_5428,0.18310144652540536
EID_14023,0.2085123437723928
EID_2937,0.1929700214544298
EID_16931,0.21373966004886275
EID_18299,0.1690239653342325
EID_6660,0.18759473153433853
EID_23187,0.1962030199215042
EID_14868,0.1722227851552854
EID_23247,0.17811496381820038
EID_15971,0.20364090912674637
EID_7852,0.18733347726963973
EID_7017,0.2261418351411097
EID_7494,0.17630086619157606
EID_18706,0.36272555463924155
EID_22784,0.18440840526955452
EID_10756,0.17628892154055792
EID_6854,0.23852572442056774
EID_12554,0.20732225799704027
EID_1162,0.18621882833635287
EID_19581,0.17422008043774656
EID_2169,0.18882718501207946
EID_25149,0.16955224575819342
EID_22575,0.20932324483791498
EID_2265,0.19418804417747643
EID_19668,0.1825249843124864
EID_19245,0.3342879014898617
EID_8194,0.16249432165935057
EID_8081,0.17936987238755775
EID_8670,0.18534429815708645
EID_7992,0.260584148233433
EID_6596,0.18566612444649624
EID_3699,0.19622409987054462
EID_9698,0.18932451287162388
EID_1847,0.18616222680547886
EID_16179,0.18520085862089414
EID_23663,0.19169129394788453
EID_24287,0.18636250208255484
EID_3527,0.1381172874901134
EID_18652,0.33283157323546836
EID_24110,0.18932837051627305
EID_21419,0.1968208093886537
EID_12865,0.20327201351685673
EID_9237,0.19245695194558973
EID_20408,0.3302740166740641
EID_22934,0.18094718254574504
EID_6492,0.18902244428834428
EID_20285,0.16418005577678954
EID_1286,0.17091375106965562
EID_12542,0.17813190580085192
EID_5523,0.18552409807899886
EID_1979,0.18587832413788621
EID_23146,0.18412542518796293
EID_4773,0.1796540445461759
EID_8785,0.19914240212974604
EID_4463,0.21373654279482926
EID_24028,0.18175899781915647
EID_20920,0.1820061343144874
EID_21392,0.1971087643607433
EID_4079,0.15741484390018995
EID_5173,0.1976914417502966
EID_22915,0.16751242750486237
EID_18347,0.34629403794167746
EID_7984,0.19350262938005985
EID_25148,0.18039699738710083
EID_4350,0.20882899896249146
EID_6909,0.1824054285255847
EID_10582,0.18110591143253568
EID_6248,0.1877415709137757
EID_10035,0.2132062923353236
EID_24603,0.19489938020715492
EID_1794,0.19549765354312665
EID_9407,0.1922962574309004
EID_2114,0.1673047950922235
EID_21125,0.2069413340692956
EID_15046,0.1955327490389376
EID_8058,0.18283265884635203
EID_1961,0.15952448607271566
EID_23324,0.19241374641891074
EID_21521,0.2085872959749045
EID_11043,0.1873953814665529
EID_6461,0.19629633364627802
EID_10398,0.18736141967473072
EID_20635,0.1894701516813539
EID_22940,0.19276249638277662
EID_8582,0.15575683106635022
EID_12770,0.18331201604392589
EID_15982,0.190953039331987
EID_19692,0.18027165337213794
EID_18304,0.18783965682954343
EID_13603,0.19120405565026788
EID_6145,0.19038867100933232
EID_16587,0.1780069437177058
EID_16835,0.22984381321319364
EID_8399,0.17377814149759507
EID_7012,0.1902180658617365
EID_20575,0.1796738815623499
EID_20747,0.22387405046917644
EID_3907,0.18305635815795956
EID_22626,0.187898421639365
EID_4442,0.1899679579284543
EID_18034,0.16819979487743975
EID_16055,0.17445862476880045
EID_21684,0.16880108188902795
EID_17499,0.18334554683172977
EID_1222,0.13468539905549792
EID_17204,0.18154493399527308
EID_22732,0.22385478327946018
EID_8539,0.2539311354299672
EID_23136,0.19686308967841712
EID_24470,0.1950863128777162
EID_17404,0.1768884976666641
EID_21498,0.21233540220981403
EID_19495,0.18731306361094954
EID_23966,0.17501939148781304
EID_1388,0.1753602471434554
EID_7374,0.1903206024965978
EID_25441,0.19841450021341514
EID_16616,0.14665998856599877
EID_7654,0.19548990818321396
EID_4217,0.1822916499474894
EID_9968,0.18733195209515874
EID_17830,0.18026696471061834
EID_12023,0.19009581821580904
EID_24002,0.17624765122754263
EID_11371,0.1851972766650429
EID_11096,0.23211032669307705
EID_24835,0.16945686769896628
EID_17439,0.18212642520960362
EID_6587,0.2131666551444843
EID_21946,0.19751554615904357
EID_5431,0.1809611995689826
EID_4723,0.177750063910453
EID_11535,0.20003559137644172
EID_2330,0.16891295119600142
EID_23531,0.1881672034684586
EID_8913,0.18720908137234385
EID_21273,0.17959645564560564
EID_11927,0.1835408295747462
EID_1385,0.1658343946760629
EID_15758,0.1970164829652624
EID_1023,0.17650393978541576
EID_8959,0.2041622538673438
EID_12911,0.19406760915036067
EID_15925,0.17460362467752905
EID_17769,0.1802241055272113
EID_19842,0.15562125345240016
EID_15875,0.1608952105529233
EID_21284,0.17782842145956843
EID_24825,0.26361808802439074
EID_23825,0.3243945702141713
EID_13001,0.16312494087569324
EID_25601,0.186606111492273
EID_24670,0.1902609021978622
EID_24412,0.17611957019239602
EID_18712,0.3344873502983462
EID_21138,0.18472296007301867
EID_19335,0.33138874824958203
EID_16753,0.16169994844989677
EID_24399,0.46410485737668833
EID_12567,0.17973432342467144
EID_22161,0.16633965681650975
EID_12609,0.17093171468597243
EID_22249,0.35495278109828204
EID_5314,0.19858915745942607
EID_1897,0.18204160337802808
EID_22507,0.20081859751611786
EID_2878,0.17032841871360632
EID_10098,0.1808292716316066
EID_18435,0.17801960142963966
EID_8063,0.16948797510057462
EID_3512,0.17656014146119275
EID_24444,0.3389957390020633
EID_9813,0.19348335702589214
EID_25132,0.2160528787261358
EID_5613,0.1887955128628132
EID_14062,0.19325571980505496
EID_20073,0.16721652786077418
EID_12506,0.27330691895872816
EID_1092,0.22982929212619677
EID_15895,0.21273372841941146
EID_1039,0.18394745320058875
EID_22016,0.20624345036974231
EID_6764,0.18379099646309802
EID_17384,0.16373535033284792
EID_8705,0.17175214056389781
EID_14832,0.19875447646032365
EID_16473,0.16299606978201478
EID_11186,0.1916434850709404
EID_7476,0.17593906778717067
EID_19671,0.2030965414456898
EID_14001,0.2176495667890338
EID_10658,0.17008262483705996
EID_6668,0.18375519920902064
EID_13786,0.22442137460618888
EID_11224,0.20008234583027684
EID_13296,0.2289265783093279
EID_22145,0.1779667544071063
EID_6494,0.16143839238026944
EID_1649,0.19001458446457703
EID_20878,0.17217716541089523
EID_3790,0.17680628101777718
EID_9257,0.19424814726159645
EID_14917,0.16582076882530047
EID_22052,0.20955812981792762
EID_1198,0.18058684131829147
EID_8478,0.19546425778217308
EID_2071,0.21001333122309293
EID_1250,0.16165499210999476
EID_9000,0.1757635564552758
EID_17319,0.1882735491046867
EID_21794,0.2373553613651135
EID_23350,0.22996865328507948
EID_16278,0.25948007906968185
EID_3330,0.15960542879601466
EID_12584,0.1823609446362028
EID_9354,0.1954888368017784
EID_15007,0.20388812336303422
EID_11656,0.18710807455589543
EID_22526,0.20583940447581875
EID_11027,0.18587474446615057
EID_21588,0.17580867005782413
EID_13717,0.17692406596112348
EID_8073,0.19973226179122738
EID_15972,0.23833725163552918
EID_5730,0.20165672770006096
EID_23968,0.18264946181612318
EID_4299,0.20805733921510042
EID_6302,0.20366909775869804
EID_6974,0.18009375340741374
EID_4829,0.1939401801596905
EID_21139,0.18541613543082303
EID_23456,0.19246783175057952
EID_20110,0.16935240402002716
EID_20342,0.1992736008166886
EID_15238,0.16745718258348274
EID_10349,0.17408638920986044
EID_10077,0.17625814887639957
EID_22330,0.1895747432567396
EID_4368,0.19434522609822952
EID_8859,0.17476895516063184
EID_24277,0.1775824432876208
EID_1061,0.19538895941221632
EID_5597,0.1841646501547457
EID_4820,0.18496546715276402
EID_5863,0.20177537651437855
EID_23680,0.17707007471867028
EID_5542,0.16603237590721534
EID_6203,0.16864302158152134
EID_5355,0.17710786965322609
EID_19669,0.19262205839599764
EID_21725,0.2070583865341513
EID_2138,0.16781348553287123
EID_24278,0.1809152413126266
EID_6591,0.18195365150523912
EID_21056,0.17061563791171164
EID_18759,0.18044499956337087
EID_12059,0.19347188524863587
EID_11077,0.2068463932859516
EID_17216,0.1632880042113204
EID_15655,0.17196850678125605
EID_19017,0.16847821894120152
EID_17846,0.1962507676901269
EID_6418,0.16575263526320408
EID_25942,0.17329560963401164
EID_5420,0.19099749416071993
EID_11764,0.18483848412648715
EID_16483,0.20037384843232253
EID_1901,0.1678363961857098
EID_21480,0.18702515582963186
EID_8006,0.19820932440937228
EID_1282,0.18432651843843864
EID_6895,0.1431011867721801
EID_13677,0.19562823323559694
EID_6071,0.22217064144775128
EID_14425,0.1709240534773357
EID_22685,0.18286530954784874
EID_20203,0.1602079496882827
EID_19161,0.30283506605696725
EID_1947,0.17421888915466266
EID_16574,0.19234939583136254
EID_2561,0.19704595456335902
EID_20668,0.18815272257676868
EID_7831,0.18976537320331957
EID_8769,0.172804476522722
EID_25191,0.1833230236114609
EID_15590,0.18260045880594952
EID_12458,0.2325656600638216
EID_11406,0.18662039851411028
EID_17629,0.1726979229474084
EID_4632,0.17942540641842686
EID_18455,0.202433757710138
EID_23077,0.18530284424968416
EID_25024,0.18321453204020627
EID_6269,0.1802248364998053
EID_12100,0.1828492573134581
EID_23190,0.1842679205666526
EID_9030,0.19943558606698072
EID_12359,0.17292541171317524
EID_12041,0.18963119750183507
EID_2019,0.180976906247902
EID_22974,0.14723921006393054
EID_10351,0.1959371679345611
EID_23630,0.19628670403945916
EID_7309,0.20767558722138135
EID_19821,0.19477477516660058
EID_4033,0.1862885835536802
EID_3435,0.19959241540141903
EID_5759,0.18296109666279656
EID_12826,0.19235074665638263
EID_8148,0.20158421025884665
EID_16088,0.1846715842907868
EID_15783,0.17783894273633225
EID_19521,0.19280266255884929
EID_13016,0.19062325762286728
EID_13708,0.19475587197400385
EID_4237,0.19299765231814014
EID_3620,0.21045604050672012
EID_10042,0.1548954251236817
EID_8833,0.16365631601127162
EID_21028,0.1783324319720421
EID_3485,0.19547760226878966
EID_23372,0.1742855810015906
EID_19410,0.17170288146378132
EID_6598,0.1956491534950028
EID_25371,0.18360367825190033
EID_19483,0.18188387143170318
EID_22826,0.16369940196380492
EID_23606,0.1984350150277626
EID_9346,0.19433670373331824
EID_1608,0.18221424994782984
EID_1603,0.23790999831704596
EID_23041,0.1926367137651446
EID_7801,0.17790853377302784
EID_22456,0.3475383599778492
EID_24428,0.19274716441485892
EID_10811,0.17906009833809075
EID_24566,0.1924398631124306
EID_2531,0.17288344931361857
EID_10878,0.18030223136306622
EID_19548,0.18794638805649458
EID_11988,0.22598056788834206
EID_11378,0.19672723964244596
EID_9896,0.19016835576956576
EID_17323,0.19590907922691672
EID_24976,0.19325350323287604
EID_11249,0.14797572862153965
EID_20395,0.3157023384980455
EID_18262,0.17721891825251157
EID_14670,0.20341411350165584
EID_12880,0.18764722666431718
EID_1406,0.19190514889878246
EID_23014,0.20285136274477733
EID_5224,0.16452592044167666
EID_3232,0.17705593375166628
EID_22327,0.21986262356054642
EID_2285,0.1801453298364427
EID_20468,0.17631928181963286
EID_4443,0.16165290379656522
EID_15641,0.19220204416646783
EID_8106,0.19443563980242787
EID_13958,0.18988966311560548
EID_10214,0.1898103261292625
EID_17739,0.16827629805071675
EID_13347,0.19724434360133533
EID_23453,0.19488691220104404
EID_1477,0.19987676246705352
EID_20224,0.17168693879133698
EID_2362,0.19251098985461762
EID_21421,0.23428178433919944
EID_7860,0.21713246992462684
EID_10286,0.2960194372273868
EID_7184,0.18106994673902038
EID_21742,0.18463927415106118
EID_21610,0.2163461897292321
EID_19375,0.3157075199930794
EID_18564,0.17598706431398514
EID_19108,0.32669256772841027
EID_17928,0.2005954957602119
EID_25613,0.18095835686420408
EID_23787,0.17929737552313357
EID_2392,0.1931920713953081
EID_7574,0.16656468730829044
EID_9810,0.18647408730743364
EID_14332,0.22532234578299
EID_20937,0.20076233242215225
EID_7827,0.18002799562614272
EID_7457,0.254959239693713
EID_11152,0.18010020226451418
EID_12917,0.1679159954107652
EID_18590,0.19695044322839203
EID_15327,0.2074065304235885
EID_11687,0.1769308715463959
EID_5179,0.1774044596563232
EID_5623,0.20422822821449607
EID_25331,0.20664759438525937
EID_24386,0.17959094369078285
EID_6507,0.20151761219284156
EID_7842,0.1788921012671468
EID_12018,0.22610169752503645
EID_6640,0.18808855130879412
EID_9872,0.18887954101626397
EID_2331,0.2009362974986222
EID_19685,0.19868759208434053
EID_25701,0.19974154148957748
EID_25681,0.19842307972597986
EID_20151,0.18905264430547628
EID_8980,0.1772050884276937
EID_12719,0.20778189112049278
EID_20075,0.1783499001636523
EID_14984,0.18419265134949303
EID_8177,0.1748539475388021
EID_1360,0.18669491222095397
EID_24812,0.29108890429801937
EID_8480,0.17763722366444062
EID_14567,0.19806510595342597
EID_16194,0.1674188151843123
EID_10020,0.19100333962252058
EID_7321,0.2192246498224465
EID_15387,0.17431201166610621
EID_19419,0.1590827101627461
EID_20496,0.22635379753018334
EID_1308,0.15904760158993178
EID_14770,0.1746437576254713
EID_21893,0.16528958031729288
EID_10990,0.20115986373239161
EID_17521,0.170447878268562
EID_15274,0.20402651696014976
EID_24001,0.2002773770991681
EID_4111,0.17591352900991683
EID_4284,0.18134405258532207
EID_19682,0.1920108711399637
EID_14871,0.22593968160546585
EID_18152,0.1981428097958441
EID_12520,0.17143458912814338
EID_4739,0.200798305678361
EID_8424,0.1714814345061501
EID_23600,0.17727526988975797
EID_25891,0.16377648523425403
EID_11618,0.24780355168768559
EID_12674,0.1529067707642983
EID_5999,0.19895091310884408
EID_18063,0.1890288790006172
EID_14859,0.2055749435822902
EID_20353,0.1982211057186517
EID_22962,0.22468006923046988
EID_19650,0.18438278752971607
EID_6108,0.1845701755406257
EID_19012,0.15938106936885713
EID_22925,0.1887044370425512
EID_15619,0.23153464318192304
EID_19998,0.18701859618407374
EID_20052,0.19374154829659265
EID_25044,0.18436670363943153
EID_5422,0.16871618012184011
EID_15354,0.2015145687043924
EID_3804,0.18021588308535355
EID_23277,0.17180254353687502
EID_12336,0.19308938377533424
EID_24839,0.14429439917259912
EID_1651,0.18632225762599744
EID_24355,0.17315115465648317
EID_24276,0.18988220186458496
EID_10346,0.1715369900925138
EID_9579,0.17135309012786443
EID_23242,0.2058485806034737
EID_23541,0.19464918666371014
EID_14741,0.18214233921527961
EID_7783,0.17106315434703875
EID_12569,0.2218020416821023
EID_3834,0.1680853155352459
EID_6799,0.18139148907982217
EID_15609,0.14071135631154774
EID_5496,0.18220948201706227
EID_5080,0.1549945387760692
EID_14834,0.20116745033750955
EID_18266,0.17926272977289237
EID_1182,0.17932504471144614
EID_6445,0.18416928912615815
EID_18656,0.1750180056963032
EID_24011,0.18534434927268145
EID_25093,0.2045220038248462
EID_11334,0.18335346622821144
EID_15785,0.19031871930045835
EID_8060,0.19261576502830838
EID_4349,0.1549361123132637
EID_22525,0.19996941910187568
EID_1231,0.1876392154744718
EID_2127,0.16179180703991744
EID_4047,0.20163200322242317
EID_12989,0.1959669815007578
EID_17726,0.2040019480382568
EID_1602,0.19828308298717
EID_5945,0.1827493301074076
EID_15166,0.19876490746313807
EID_25317,0.31628235767692514
EID_18848,0.18847211784771054
EID_14455,0.21915962346008053
EID_9724,0.21479050760434265
EID_22697,0.1514639105870258
EID_16505,0.15476991177525803
EID_11616,0.18863923474808425
EID_10352,0.20131011172484736
EID_24093,0.17349604421977155
EID_11826,0.1971551941306472
EID_24211,0.1898194442569251
EID_14709,0.1889031835356624
EID_18747,0.3347980925279167
EID_16077,0.1908822883026483
EID_15440,0.1729904999066483
EID_4935,0.1926916939853297
EID_13791,0.19380263128554576
EID_16876,0.19669887370159364
EID_1335,0.20477466095879454
EID_19086,0.33178734010486816
EID_12872,0.20681586801782964
EID_11623,0.18911462338033072
EID_7807,0.1721255783434031
EID_9605,0.19738518586893572
EID_12736,0.20047412922324184
EID_20565,0.18538923847179573
EID_17225,0.18080256880163845
EID_19974,0.18760411004369199
EID_16045,0.18793987775026622
EID_2082,0.20062046531760389
EID_22219,0.3248501174350898
EID_19439,0.18677583677835746
EID_2979,0.14155352613987848
EID_24414,0.2152601816303825
EID_15148,0.22430292291956147
EID_10690,0.19336922443393859
EID_16346,0.18509812173078885
EID_22752,0.15635910345656442
EID_21746,0.22398802960938058
EID_1705,0.20514459348714578
EID_7498,0.19727795102271695
EID_6874,0.19315496239120303
EID_4543,0.1820247577533888
EID_8931,0.18371707013768937
EID_16435,0.1973021405567059
EID_16767,0.16329341097380592
EID_3058,0.1865178290167279
EID_16381,0.18525533442590603
EID_17190,0.19801421411193793
EID_7079,0.17237162662377073
EID_10191,0.19451370054910805
EID_1378,0.17740219772618807
EID_20222,0.33098631947266277
EID_6156,0.15252673160968191
EID_5975,0.18517754340831405
EID_18682,0.33031341967245664
EID_8837,0.14802072496629654
EID_24686,0.19007628915009486
EID_9869,0.2042512477757556
EID_14673,0.2230402204074765
EID_14443,0.185212454399339
EID_21591,0.2085814890651524
EID_25240,0.1894304290842421
EID_18365,0.3370107994299178
EID_9260,0.19574075581338699
EID_10696,0.17426869019904412
EID_18012,0.17122285783041075
EID_17421,0.19675852241905428
EID_23615,0.1774601798890856
EID_14132,0.187328329911989
EID_13168,0.18564984074404478
EID_16973,0.20009244902607665
EID_13426,0.18017523128748078
EID_1493,0.18142974858499494
EID_3994,0.1863639347850023
EID_10574,0.19782804191863268
EID_12394,0.18840019177470832
EID_4781,0.1917182258084236
EID_24911,0.34441313807872587
EID_3205,0.17887630991415118
EID_25568,0.20299026525999414
EID_4343,0.1841128719141647
EID_4330,0.1619844848966156
EID_12518,0.1873172307688437
EID_18426,0.20291412385003507
EID_3862,0.17584250949033747
EID_13478,0.18972484345572144
EID_5607,0.17693405320667482
EID_22353,0.18840285082717673
EID_18346,0.1816695443528341
EID_5978,0.19751458048568454
EID_3391,0.157705546342737
EID_8525,0.22009257816301633
EID_5245,0.1878978843229175
EID_11791,0.19087691708760712
EID_22913,0.18652638071495575
EID_15587,0.18925055083770712
EID_4851,0.19197002159465076
EID_3432,0.16478121309192031
EID_13090,0.18010345500766417
EID_15117,0.1979701337408412
EID_22004,0.1934477947417515
EID_16053,0.19089589918283537
EID_16458,0.20795980403177827
EID_8021,0.16985011572872252
EID_24385,0.1829035489910805
EID_7053,0.2073496274316555
EID_13544,0.17837502972082733
EID_9014,0.1812681749140595
EID_9246,0.1861258694172725
EID_15642,0.22983022723922955
EID_12295,0.2190099031050961
EID_7925,0.2042939791282933
EID_18473,0.2123239937438631
EID_19427,0.17587241421171054
EID_17027,0.1576564665354463
EID_22093,0.16929714989816477
EID_25611,0.18378419749687325
EID_20490,0.19838848973140294
EID_4204,0.19293024559785008
EID_2604,0.17718906596271772
EID_16152,0.21405811906200928
EID_8563,0.1877215067237447
EID_18620,0.1881314069539271
EID_11012,0.19521724158724707
EID_19598,0.19029613341835905
EID_13159,0.18117521113722254
EID_13171,0.18091909544138646
EID_8374,0.17176731100965914
EID_9838,0.1718756366514891
EID_18489,0.21258845795581663
EID_17451,0.17490433711286152
EID_7269,0.19100170178536335
EID_20548,0.1695310726912597
EID_9466,0.18655607004854124
EID_16085,0.1713087763064902
EID_24082,0.20617443182936884
EID_5078,0.177235063567208
EID_23951,0.20051730238170545
EID_8327,0.19504936674421122
EID_5904,0.1894868608846192
EID_11085,0.17660966680404688
EID_21437,0.1993333420986418
EID_7471,0.1920638530332877
EID_12046,0.14982837023162118
EID_18653,0.16489400819400882
EID_14175,0.1717449157831028
EID_5514,0.1765815709164332
EID_20148,0.1724872995436354
EID_14260,0.16949632267677606
EID_15574,0.22957718908572522
EID_7287,0.17177241561960008
EID_18889,0.16387391883807834
EID_13106,0.23494321649638913
EID_15448,0.16957056744719992
EID_25897,0.19150353395527245
EID_23758,0.20243379293883462
EID_23208,0.18896838732593185
EID_13646,0.18983838295671995
EID_5467,0.16212596638727625
EID_6022,0.1815073729110994
EID_10923,0.19801988084383235
EID_10408,0.17393698555912476
EID_4186,0.1666043915839853
EID_22022,0.19918783016497804
EID_16390,0.20421321822047128
EID_19493,0.1768390859545494
EID_12519,0.19733925949910153
EID_23549,0.1848413908725493
EID_17612,0.18086524308616658
EID_25007,0.14354437293801167
EID_1949,0.2166642935505938
EID_23313,0.20035618664904387
EID_22516,0.17585183636873788
EID_21836,0.17857230524060297
EID_7268,0.22791156704036583
EID_8202,0.17793766964134483
EID_6613,0.1837081930574601
EID_2596,0.1772200391532697
EID_19849,0.20267732122962356
EID_11546,0.19211657588269954
EID_3942,0.16849569453548868
EID_7899,0.19293614978969978
EID_4802,0.18787449316620428
EID_6725,0.1752524466850602
EID_3835,0.2006796106752283
EID_9511,0.1757527083580222
EID_5757,0.19743629776749927
EID_24838,0.17917749392193172
EID_15225,0.19546467568616893
EID_8238,0.17868936594563986
EID_2826,0.1743482686106545
EID_20774,0.19270380430260578
EID_19311,0.18133258871277827
EID_12339,0.1993845533983844
EID_1583,0.1765757643458423
EID_1033,0.18364109606166587
EID_10764,0.18414866868824073
EID_17203,0.2005384043672188
EID_1345,0.17916495572973443
EID_4951,0.19345912460240797
EID_16956,0.20303989211057313
EID_9203,0.13455235741260935
EID_7021,0.2084748618879894
EID_8707,0.19863734199970054
EID_5209,0.1629156939961661
EID_20428,0.18442273112299035
EID_10913,0.19002465996136259
EID_11507,0.17916490738662152
EID_3693,0.1814251647407917
EID_22857,0.19995188324420146
EID_18744,0.17592933830182164
EID_19600,0.29403875762606013
EID_21336,0.18866966965492107
EID_17676,0.21732169119799255
EID_1678,0.19425161440792815
EID_4889,0.1632833343505416
EID_9961,0.20691828398038312
EID_23386,0.26290418944625266
EID_19835,0.17453848956738058
EID_9519,0.18902035946142742
EID_5449,0.19168446440236253
EID_20640,0.17936570391235668
EID_16387,0.19322026833895514
EID_20293,0.2902041195660044
EID_2296,0.1333164713241363
EID_11827,0.18699794822640053
EID_21522,0.17936544074125463
EID_2767,0.14626834246936385
EID_2873,0.18351138029205954
EID_2603,0.1825237421130044
EID_2674,0.1921755046488279
EID_23682,0.17488912233239423
EID_13310,0.198560530926377
EID_6523,0.17086308078092594
EID_13056,0.23392781361566428
EID_7244,0.22265439685709512
EID_1072,0.19013134402916432
EID_25833,0.19552034534887205
EID_11244,0.2100541152171733
EID_22918,0.1893737955277722
EID_16735,0.19378674526424475
EID_4201,0.21162181761917864
EID_5998,0.2237715659217104
EID_19254,0.16454585776563094
EID_16653,0.20912813493467913
EID_11729,0.18420449614728202
EID_19573,0.18644902771287128
EID_21463,0.19672988843260383
EID_5899,0.18082385023654177
EID_23613,0.265644917011527
EID_8609,0.18328897282759615
EID_2660,0.16618743252342763
EID_1333,0.1942582344745558
EID_3212,0.187670070044009
EID_7830,0.18744780264460342
EID_4372,0.17789869235075256
EID_15955,0.19302573016564425
EID_22059,0.18423623906952039
EID_22804,0.19452162162091477
EID_4700,0.18585212813989108
EID_14401,0.21053062213766438
EID_19971,0.32967255804197837
EID_10684,0.17366522713462118
EID_21512,0.16871557527168607
EID_16722,0.16548093140801742
EID_16012,0.1898089526455369
EID_19093,0.17299908231729708
EID_25636,0.1985078721579956
EID_10567,0.16786926012027797
EID_11601,0.17413133885278387
EID_25697,0.18725769522240163
EID_22131,0.19753214689140325
EID_8511,0.17514638593285775
EID_18114,0.1951143101853555
EID_12784,0.18964038671624084
EID_12820,0.18243120910585164
EID_4512,0.1791814002517195
EID_5837,0.18632435399079827
EID_12564,0.18304113379398398
EID_16737,0.18224762622457807
EID_25986,0.19390057507894895
EID_8729,0.18749856289867647
EID_4386,0.17929555783757256
EID_5223,0.2043458736175136
EID_1494,0.1971703196027872
EID_22699,0.21425426322266838
EID_1083,0.1807385019251476
EID_1329,0.1884964525475007
EID_3550,0.17407199051232386
EID_18845,0.20088033226021237
EID_17946,0.18089292728422107
EID_1712,0.17184051108797752
EID_12024,0.21978001135554961
EID_2974,0.1822690100530165
EID_12806,0.16948416164407956
EID_10396,0.17833563565552324
EID_3998,0.17226530208089383
EID_22451,0.17533947866064822
EID_12242,0.18382448391342007
EID_18599,0.20668192471001728
EID_9423,0.14616553162191354
EID_25347,0.19534596338462037
EID_20183,0.19704456295266642
EID_18079,0.20356055570711545
EID_10059,0.16874596298240155
EID_1322,0.15739798350537257
EID_18109,0.19770341699977415
EID_7325,0.1856687101320708
EID_6000,0.19616927851569174
EID_10760,0.19092296173824208
EID_24380,0.36787528112751333
EID_7070,0.18275903135269608
EID_2796,0.17340838364988498
EID_18860,0.18243231044092523
EID_13597,0.19639854853877226
EID_6858,0.19168500791489593
EID_14987,0.22829903239307134
EID_8902,0.1867110113893316
EID_9453,0.18334960069724598
EID_20605,0.19359081770747177
EID_16020,0.17404168043737905
EID_6335,0.17498924041243574
EID_1317,0.228002813683809
EID_5575,0.15402790675938277
EID_17433,0.18410847540143094
EID_6238,0.16336420038572744
EID_10734,0.18678889322899725
EID_7661,0.19213733511502815
EID_9281,0.1781154517769357
EID_19259,0.1812832137687974
EID_9544,0.4451017516745078
EID_2572,0.19307615370297768
EID_12706,0.18687407328272632
EID_20500,0.17791177585113468
EID_19258,0.34006058000101363
EID_15915,0.17885220000315574
EID_25265,0.1936582136883827
EID_16567,0.20041070142183812
EID_19553,0.22407514865580397
EID_25403,0.1862537688423544
EID_10354,0.18128260817538355
EID_19522,0.18494218691089326
EID_20132,0.193684992155226
EID_3363,0.17673719053022238
EID_15253,0.1943640084547816
EID_8368,0.15444495396396987
EID_3883,0.19298255555183585
EID_7323,0.1666912851819971
EID_16203,0.16594341649346264
EID_9080,0.18320853739975282
EID_12266,0.19207762007469342
EID_13777,0.2254937970442305
EID_24876,0.18388902850416491
EID_11961,0.18123958722292394
EID_25871,0.17419715238418307
EID_3563,0.1998450828095481
EID_3377,0.1757527083580222
EID_19924,0.19710360663044948
EID_4070,0.15097893168646784
EID_7727,0.16895638088749024
EID_2253,0.17084317184694872
EID_5056,0.20114800389078083
EID_16751,0.21406653592366154
EID_2105,0.19036989607415927
EID_14078,0.18663089260889856
EID_18779,0.2109274426354234
EID_2218,0.15382237936656074
EID_6130,0.15441835456511072
EID_21722,0.17213888366198135
EID_17748,0.19531140309050515
EID_21322,0.18675950000559988
EID_6016,0.17397254159237766
EID_20480,0.19367533971778494
EID_18843,0.16561294516845163
EID_7336,0.15904294655341192
EID_4455,0.20190874052276597
EID_15206,0.18421634953770855
EID_15582,0.19281176409651835
EID_22381,0.18868299484785464
EID_22606,0.20495462708221748
EID_12159,0.17620853985855575
EID_10027,0.18934894207269165
EID_4107,0.1715252882276636
EID_18932,0.1678514934225773
EID_1321,0.18851535322617632
EID_7759,0.17297815410024753
EID_21961,0.20719099363635402
EID_15289,0.23549909340320274
EID_23069,0.1873420027343789
EID_17187,0.19669383842990826
EID_25372,0.17700891696899426
EID_9787,0.17031566410283314
EID_9797,0.18101005790160246
EID_10831,0.18676274112663624
EID_24620,0.1769044611824288
EID_8715,0.1995633973530658
EID_13459,0.22784587336654719
EID_14031,0.18008162738815414
EID_14541,0.1961693815188573
EID_12395,0.21902501775661487
EID_7150,0.19486516804635107
EID_14422,0.2298831939069877
EID_19060,0.3862685932547686
EID_9338,0.19313466203593235
EID_21042,0.19940584403290856
EID_8011,0.18597180064142274
EID_8102,0.19636553569173046
EID_11068,0.15343047321599768
EID_15461,0.18373266311489528
EID_18509,0.19237704591875718
EID_5796,0.18634370241667225
EID_19905,0.18088613099512393
EID_21609,0.14668198518591372
EID_14873,0.18705244981173416
EID_8033,0.17153289970288707
EID_21354,0.23836378278332523
EID_16377,0.15376044459334537
EID_10566,0.19949893199479454
EID_4791,0.15964715389254536
EID_20944,0.18855825793661982
EID_24913,0.21688818708581536
EID_3868,0.17838327072357715
EID_10611,0.18478448044949594
EID_21702,0.23828401375563155
EID_9472,0.16549222014403728
EID_10746,0.1871676422662122
EID_17717,0.17480105647741095
EID_18535,0.25043311993767736
EID_23706,0.184869470489764
EID_7039,0.1685800839341709
EID_23797,0.1971501711933611
EID_1574,0.1865914921084787
EID_5931,0.1779694965320558
EID_6468,0.19977568703950746
EID_15805,0.1822672488192683
EID_2988,0.18669802667821395
EID_21966,0.18001329943108682
EID_16571,0.2108965171333356
EID_10082,0.1664720358581484
EID_8359,0.18725844572623598
EID_3200,0.18908770540998765
EID_2206,0.18424351876476566
EID_14234,0.17729513667126112
EID_12498,0.2014268002829776
EID_12009,0.20000242843269012
EID_12486,0.18951345748399195
EID_2679,0.18459283381588523
EID_25329,0.17334937384006904
EID_18268,0.19645417694072273
EID_18253,0.18286524338922674
EID_11915,0.1823454826222239
EID_2503,0.19435750553089404
EID_22110,0.33717104769416534
EID_9344,0.19543421008815204
EID_17568,0.17255388032481694
EID_1445,0.18280856625237218
EID_12971,0.1722716760411349
EID_14129,0.1917543387574646
EID_22888,0.1839816493596749
EID_17510,0.18287905760061382
EID_11722,0.17970862016936986
EID_18542,0.2022579675001294
EID_13158,0.18422111941961658
EID_2810,0.17992357111997456
EID_16559,0.1960243271437863
EID_1124,0.19885038998621302
EID_2137,0.2210495779921553
EID_13145,0.2130196619567392
EID_14181,0.18683536781861929
EID_24695,0.1818809776087814
EID_21367,0.20558628599033935
EID_13213,0.17032567732286108
EID_15852,0.21830478995024438
EID_9531,0.18560255645617804
EID_6197,0.1745460639849259
EID_20012,0.1764214173307258
EID_10381,0.17954360971067326
EID_9136,0.18017490020418697
EID_12063,0.18789929387584114
EID_22318,0.17259663669463354
EID_24047,0.17650651195369146
EID_5834,0.20065969231894587
EID_4763,0.18952394438638384
EID_24096,0.21816595539952796
EID_13825,0.19760665679665848
EID_14326,0.19036770992048926
EID_10111,0.17046055986748715
EID_23362,0.16647940596440172
EID_8682,0.1641980880891401
EID_18727,0.3268666092857942
EID_20725,0.2126243014900875
EID_15976,0.1614227956392137
EID_17626,0.1767796659916679
EID_13302,0.2111753537728112
EID_11333,0.1942040867090495
EID_12305,0.1853350918669914
EID_4987,0.19007600903630403
EID_12132,0.21724974017829687
EID_14163,0.18034320448565838
EID_15666,0.20527876938141518
EID_19257,0.17757511356230038
EID_1591,0.1807824496027778
EID_5610,0.16949173759407343
EID_4835,0.19319048011385873
EID_5060,0.19154498501758688
EID_15897,0.21880905842321405
EID_9771,0.19772702347121526
EID_11486,0.16866329073682676
EID_14583,0.16608449908421916
EID_17832,0.19076380040980795
EID_6876,0.19188894077496174
EID_18560,0.2174100277976477
EID_1091,0.19155310624791316
EID_3837,0.19711676088081542
EID_8508,0.198256398541126
EID_23640,0.2740333887227084
EID_13280,0.20184290448954323
EID_3352,0.19327775358030408
EID_13404,0.18957064262373652
EID_23565,0.17758007694991418
EID_24526,0.18856257852032682
EID_9254,0.1751269549376359
EID_8916,0.17175055938096248
EID_15227,0.18152285551964487
EID_11672,0.17543029636669102
EID_8926,0.17342583103798054
EID_25125,0.1668316306389808
EID_3170,0.16580558363313533
EID_24612,0.1834590291667003
EID_23932,0.16588099032290674
EID_11554,0.1817912909864237
EID_19854,0.1652452737447495
EID_16362,0.14884602692657278
EID_13195,0.22627130071195511
EID_25559,0.1897081848438007
EID_18526,0.3483278214972495
EID_23226,0.18970166309664035
EID_5873,0.16005662990118227
EID_11286,0.18120751179158615
EID_7573,0.19197854087742322
EID_11669,0.20793759352583335
EID_12639,0.1813557878495962
EID_12309,0.18250231734108147
EID_17566,0.19449745226411272
EID_3644,0.17388670889417165
EID_9921,0.1809651655267465
EID_14703,0.20134649618201803
EID_19366,0.18350099965215522
EID_12449,0.18894531468188586
EID_24591,0.24539222595548457
EID_4698,0.18439744763046584
EID_17657,0.16587339818493763
EID_24446,0.19480707858795301
EID_18528,0.1978386849404731
EID_8868,0.18298662205309985
EID_5820,0.17703391676293684
EID_24215,0.18345144651779222
EID_19176,0.31521541961096844
EID_6578,0.18899322086601605
EID_9672,0.19717936451242754
EID_10702,0.1880298097980868
EID_4741,0.23748335128275608
EID_24067,0.17358925583035295
EID_2416,0.18144667261556757
EID_12089,0.19850388987740597
EID_8392,0.19662924668716802
EID_16766,0.18405269014997594
EID_23137,0.21087384651618993
EID_24704,0.16127362645851756
EID_13184,0.16661055234712352
EID_21642,0.1887850508810453
EID_8050,0.18472231715428608
EID_20432,0.17550009610871892
EID_14456,0.18517568685995703
EID_7769,0.18642159744863152
EID_14077,0.20100572723705012
EID_17805,0.18842436985954433
EID_14927,0.18269604890857719
EID_7995,0.18557464695652418
EID_2297,0.18524466524005248
EID_7960,0.21077960473707222
EID_9481,0.18713177897208505
EID_2781,0.18279178352240044
EID_25571,0.20003430075995826
EID_12462,0.18810382166959608
EID_17761,0.1844979785978601
EID_22310,0.23430060574369335
EID_15161,0.21874343691409778
EID_3361,0.16040901316419395
EID_2166,0.18768714985751508
EID_1515,0.19481952525288296
EID_13787,0.1718865632333842
EID_23496,0.203677884350069
EID_7820,0.19180195581968018
EID_14433,0.19117486213607038
EID_9405,0.19452917030014266
EID_4195,0.19336679503437945
EID_24190,0.1828114328188675
EID_20400,0.18714541124056105
EID_16111,0.17781490077948844
EID_5502,0.1945085754535732
EID_17381,0.19501297342242324
EID_22435,0.18342715482108524
EID_3060,0.17773989773891538
EID_19197,0.34171701820430733
EID_13311,0.20555316236568313
EID_14282,0.1941876873061625
EID_5849,0.16478096346792745
EID_19845,0.18543091686738164
EID_6965,0.1845280165540456
EID_5048,0.2044695616380228
EID_13766,0.17299381749873444
EID_22269,0.23000277408691522
EID_4363,0.1716793460269291
EID_12215,0.18747843670843434
EID_14479,0.18257735319064117
EID_7348,0.22692707049735764
EID_25664,0.20251867974220075
EID_4940,0.198819732082397
EID_6877,0.20179901120495453
EID_8337,0.19692064797391062
EID_1775,0.17980422193622547
EID_13938,0.1925464278824199
EID_12735,0.21267871315896011
EID_16138,0.1901223856726244
EID_18586,0.33820445580947484
EID_16650,0.20302847956137066
EID_18259,0.18318923728465086
EID_19144,0.26092567998951266
EID_4483,0.2784626249974033
EID_10929,0.17746331927459869
EID_19882,0.18251827342030905
EID_3779,0.23176888111066254
EID_18678,0.1970468465114202
EID_7168,0.1745647600467372
EID_23279,0.18987089286481285
EID_17008,0.17438738601962417
EID_2795,0.1820119536656615
EID_1833,0.1773841515331427
EID_21026,0.17273117369251956
EID_20322,0.18640896072049493
EID_10026,0.19612015721582318
EID_7742,0.17192930400127146
EID_21792,0.18799876728081136
EID_14341,0.19298674806451888
EID_24634,0.1937038817336519
EID_3379,0.18078562134880274
EID_20627,0.18678103569785712
EID_8572,0.1845084261173767
EID_15104,0.15944235804877027
EID_12426,0.19312636260459695
EID_17588,0.22706172397702462
EID_20961,0.17944151515255824
EID_23260,0.18704899974002862
EID_7213,0.17397948070108546
EID_11851,0.19397759115398167
EID_5696,0.2118316505497071
EID_23011,0.1808184635993694
EID_2035,0.2164169997464221
EID_22461,0.1997913713905648
EID_23215,0.17893685511177954
EID_6913,0.1858928196978139
EID_5739,0.15959958053523882
EID_19814,0.20927256422384377
EID_20320,0.1685168726573521
EID_2043,0.1938772727980787
EID_21992,0.18206322309488268
EID_9324,0.1943851098975406
EID_3863,0.18612341021050072
EID_7513,0.1888764675515315
EID_11120,0.23640606593160904
EID_6548,0.19995947463079541
EID_23957,0.21371770199002174
EID_11408,0.22478653335098547
EID_24638,0.219517098868187
EID_3908,0.18661547958968272
EID_17023,0.18999574415273637
EID_10902,0.18946214692155874
EID_3543,0.19842102354907387
EID_3633,0.19011062919181068
EID_3394,0.17546799394511756
EID_8619,0.20511020817340583
EID_13424,0.20219909563689928
EID_15405,0.1977016206696972
EID_21727,0.17795849512612366
EID_18916,0.3275604831587198
EID_3335,0.20523597643169794
EID_2811,0.1745568374869373
EID_8620,0.18162383667262544
EID_3249,0.1843902121335033
EID_22140,0.18128228218887518
EID_18934,0.17306008989001398
EID_24271,0.21123558521368105
EID_2164,0.18008148079507713
EID_22961,0.1855636999405571
EID_25318,0.19051491091671957
EID_23064,0.18256661577915467
EID_1056,0.25033000882397144
EID_4389,0.16002133317657694
EID_6949,0.18053948454194868
EID_16133,0.1856650253746309
EID_8023,0.20259766105927907
EID_19426,0.23446579935291836
EID_12895,0.18490246203895774
EID_17667,0.19679545958349226
EID_14826,0.18952478400586584
EID_8807,0.1866871535934134
EID_13977,0.23216339411697537
EID_11167,0.19870037697856766
EID_22535,0.18351268630109532
EID_5357,0.18987809782773132
EID_1450,0.2059477976054792
EID_24647,0.19173535242873088
EID_1516,0.2078542072053076
EID_10122,0.18606634627930976
EID_2423,0.18031699320012226
EID_4276,0.1913601785744387
EID_10610,0.19198770941885893
EID_5840,0.15859638454494396
EID_19117,0.20302521952705171
EID_1753,0.21709364719233196
EID_11679,0.180977489215701
EID_12425,0.21266523863640438
EID_21118,0.20672115880761321
EID_1348,0.15298071190938559
EID_3143,0.15468834499237757
EID_12153,0.211614343401927
EID_22834,0.19489065089907157
EID_14978,0.19450715824899378
EID_23361,0.19552629990574852
EID_5207,0.1740649146860021
EID_8395,0.2488384736241297
EID_2440,0.19436924249529167
EID_14196,0.19051769092864293
EID_16684,0.18688182791401897
EID_22520,0.20728322563131804
EID_14689,0.21641318540516508
EID_22890,0.15991119994348946
EID_18695,0.1691459420459481
EID_1275,0.168779897476106
EID_6033,0.19268835729411007
EID_25616,0.3329751984599279
EID_6190,0.18717065419465687
EID_2964,0.1885465618375096
EID_24869,0.18621071134316025
EID_3319,0.19955448947096266
EID_15857,0.17565134574129085
EID_4615,0.1781408217569527
EID_23926,0.16064140349210657
EID_15506,0.1707821474966695
EID_4168,0.20085274933525246
EID_23593,0.18144727316834536
EID_3108,0.15594029790847522
EID_22846,0.1979707452762579
EID_12618,0.18482689831200852
EID_20341,0.20031120188910548
EID_15441,0.23791504999941768
EID_20278,0.1958187289112201
EID_19511,0.20235306559445052
EID_7832,0.17631615548982854
EID_7775,0.14678997829760568
EID_9409,0.1909606417567613
EID_11483,0.19049837983729498
EID_6657,0.19404548429190008
EID_10338,0.17903468898348363
EID_7683,0.18023171726300824
EID_11854,0.19497426029121842
EID_17102,0.19914017401069406
EID_9882,0.2027789179543217
EID_19326,0.3508843304896483
EID_1670,0.198716702566152
EID_17455,0.1773133280144131
EID_24867,0.1901184720796874
EID_22972,0.17948266922775802
EID_4679,0.1759645689111289
EID_7172,0.1959165968088907
EID_7401,0.20672926897567329
EID_13199,0.21017712193160656
EID_12244,0.1917462012663879
EID_12771,0.22601893218792557
EID_7230,0.18025226765593783
EID_19736,0.206740252571921
EID_2755,0.19496872323584588
EID_19126,0.32304549136194205
EID_20949,0.18204492944405096
EID_4573,0.16051929533706624
EID_23671,0.1809635781648116
EID_11580,0.17068709264712442
EID_15600,0.1376407998768393
EID_17577,0.17665462484724467
EID_6773,0.19435869542013762
EID_9565,0.1620772799681468
EID_13401,0.17445833756983659
EID_17438,0.19273602593359532
EID_7604,0.19329775064280091
EID_1215,0.19036702628106622
EID_24765,0.3014078245157958
EID_2084,0.18601782333993036
EID_17898,0.18514550135210459
EID_9752,0.18908593773542287
EID_19867,0.32367865528089623
EID_5430,0.18014680279571416
EID_22617,0.19400117828140276
EID_23590,0.17917826762587924
EID_11131,0.18958458215982518
EID_1623,0.17397198311844825
EID_25390,0.1764305304627764
EID_23316,0.17699144734633981
EID_11595,0.17653102050559133
EID_10827,0.18891323930570458
EID_14787,0.21666911549180726
EID_18290,0.19362642793183404
EID_17889,0.2489461799560284
EID_7936,0.1653891631676829
EID_12044,0.19200391271495593
EID_8205,0.18462463011490052
EID_22950,0.18488027354698333
EID_4965,0.1946664970458222
EID_24073,0.20216702205524179
EID_4946,0.1904964270675975
EID_14618,0.20134869071037123
EID_17692,0.1828632851652059
EID_23220,0.3327988276168589
EID_24364,0.17425675550253253
EID_20216,0.14850295795795304
EID_24865,0.18759046556599557
EID_11009,0.17435275481447052
EID_6889,0.19322645742377592
EID_10375,0.1812513996259354
EID_11917,0.18916549008736608
EID_25323,0.1876923644667089
EID_21841,0.19450332295475867
EID_25278,0.19333616329932135
EID_17857,0.1735168224241844
EID_2991,0.18291875501996024
EID_23822,0.19590011272035973
EID_12098,0.2095418569514293
EID_14665,0.19834754496739992
EID_25373,0.2009634690276333
EID_22143,0.19355738403574352
EID_4000,0.2061604080281931
EID_2951,0.18883540194322038
EID_8610,0.18817073336445608
EID_6998,0.19129406078951017
EID_21972,0.18295224893280562
EID_3582,0.17713699872132124
EID_18220,0.15551957122702986
EID_12381,0.17163017840697942
EID_15689,0.22319328307402597
EID_12239,0.19152263255815796
EID_3987,0.187533595934875
EID_20164,0.19780688882737205
EID_1654,0.20944617926750064
EID_25583,0.16632583562702258
EID_22736,0.1842839688168931
EID_22169,0.2053381545593674
EID_9495,0.19398793514055207
EID_2465,0.2027938075937054
EID_1659,0.2273315407117229
EID_4509,0.17776783727834614
EID_15264,0.18633924017579806
EID_9494,0.20923965020945381
EID_23657,0.18192508760987397
EID_10376,0.16789560167586404
EID_25277,0.1968636911415163
EID_15121,0.19532238169457553
EID_14760,0.22211463702970805
EID_9160,0.18460957643803855
EID_18574,0.300431061328903
EID_2977,0.16281122436667647
EID_4745,0.2052482298336629
EID_6762,0.1915445728168302
EID_2682,0.178768394228509
EID_19172,0.17835208288689502
EID_1013,0.1909040932151404
EID_1242,0.1602946863559589
EID_10336,0.19942942501038047
EID_11247,0.1852813302130363
EID_4631,0.19994216010646848
EID_21660,0.17403158320726975
EID_6752,0.16834067898478783
EID_14409,0.19060819401253992
EID_21720,0.20812962065998475
EID_14495,0.17791604914268283
EID_15348,0.154041689021546
EID_9610,0.19829081975093835
EID_10629,0.19024643380470788
EID_10182,0.18135539677989956
EID_10598,0.19384425556654644
EID_11065,0.20553422508911962
EID_16129,0.18971692754846112
EID_15572,0.1763987963008441
EID_21059,0.1912745730697969
EID_7812,0.17773978398719942
EID_15162,0.2274795805984065
EID_6911,0.1758744683275204
EID_17591,0.1606951901288195
EID_22638,0.2298746863715718
EID_3217,0.17867951654713218
EID_10116,0.17470040437751932
EID_23199,0.21613487170659315
EID_18844,0.19580621665399767
EID_19931,0.16609708994758945
EID_22215,0.16556928097973764
EID_14623,0.19143491474462584
EID_7884,0.18293165705344647
EID_3197,0.14579116329206265
EID_11291,0.19456914215153912
EID_3320,0.1884161990338486
EID_12585,0.18473332485199745
EID_13592,0.20529742783697444
EID_11264,0.18907011619047773
EID_6997,0.17440116118256632
EID_2327,0.17271848245063454
EID_9340,0.1961988186982946
EID_14544,0.21868613930036712
EID_13055,0.19014582025758994
EID_14014,0.18598682668525385
EID_7429,0.18536621713132848
EID_19008,0.15802723181276634
EID_14283,0.18540703198858635
EID_10882,0.19732330126052913
EID_5194,0.18634816730488438
EID_23844,0.16932754590355642
EID_22628,0.21639299417931332
EID_10033,0.1922382820409963
EID_13281,0.21386793952711816
EID_23871,0.19989313916734844
EID_3621,0.16678851783268434
EID_12968,0.21828372215299807
EID_5819,0.1729022794490783
EID_6694,0.19152014661204142
EID_17656,0.21133043706187168
EID_8888,0.18113757710841652
EID_14552,0.17370940971976515
EID_15342,0.2014395203099133
EID_7728,0.18259205790396607
EID_10331,0.18387403237964012
EID_5479,0.1788904316512518
EID_25526,0.19328186110722975
EID_12348,0.18351997810883736
EID_6196,0.18316033364143797
EID_3619,0.19253245619715564
EID_11280,0.22971646564594186
EID_18119,0.18942369821560784
EID_18058,0.21154580210667034
EID_20911,0.17488016473909188
EID_19840,0.19775527123479117
EID_11808,0.2090549188025871
EID_16265,0.184022842074771
EID_25976,0.19113737804951358
EID_3872,0.19738828941863854
EID_23029,0.18154343951716087
EID_11745,0.21198038383643783
EID_9556,0.1964062982380497
EID_19748,0.19499793734700782
EID_23253,0.2406584648797361
EID_16237,0.206070958916626
EID_11694,0.16266416157442598
EID_12824,0.1802697679652001
EID_12797,0.1981640644368375
EID_3524,0.1925077598445454
EID_10559,0.20270898633014067
EID_22844,0.17904380730175182
EID_22281,0.16700745387956153
EID_9535,0.22610438909846617
EID_1642,0.1766331331460759
EID_17630,0.18779928851929417
EID_15083,0.16354260392807518
EID_2690,0.18797782341222727
EID_12199,0.17423771761001275
EID_3449,0.19511869215625496
EID_12097,0.2033321267711342
EID_23272,0.2033385839918151
EID_6890,0.21464743416002008
EID_2438,0.18839710265643492
EID_6508,0.1695122908967183
EID_10772,0.19185860930183604
EID_6076,0.18586488168806475
EID_3045,0.18547905782328702
EID_24779,0.19341977210580774
EID_12553,0.19235691937362298
EID_24984,0.1512721797446057
EID_17157,0.1545164619664814
EID_11823,0.1895900110181716
EID_4765,0.1938050025434038
EID_16143,0.1805874182346943
EID_19658,0.1726165244776757
EID_12035,0.23910796177127405
EID_3481,0.1789933391625897
EID_12776,0.19829445712126756
EID_21160,0.15843042722493403
EID_11127,0.19213906105041734
EID_11784,0.18554337807005106
EID_17458,0.20006071194781697
EID_15653,0.18361048323042511
EID_25399,0.19146849774953237
EID_8799,0.2076540286947868
EID_14529,0.14796761931497618
EID_19407,0.30181379108472817
EID_8224,0.18737257015586212
EID_21582,0.30137409029357
EID_14807,0.19603532805537274
EID_17338,0.18948969931338222
EID_10635,0.17116815940066663
EID_16300,0.19856381246846755
EID_5155,0.16615545259631456
EID_11136,0.17127387807659342
EID_7716,0.19313466203593235
EID_13041,0.2027799198695188
EID_1572,0.18690154685485275
EID_2382,0.1767563075958536
EID_4568,0.25200623314674103
EID_25153,0.22029294147345363
EID_20523,0.1668130387700358
EID_2332,0.19402168595947908
EID_6143,0.17498265009144345
EID_19549,0.18351830890850357
EID_24568,0.1594603223414921
EID_23211,0.2086710365245264
EID_2342,0.21371919134267411
EID_2922,0.17134968257050393
EID_6026,0.17547760640461524
EID_10107,0.17028393841737427
EID_14855,0.19960934444092415
EID_18780,0.1706992613410736
EID_10578,0.16680980757484695
EID_3842,0.18840582779108936
EID_10225,0.17192126946133218
EID_15275,0.16992872425948582
EID_10740,0.1785424128878676
EID_9483,0.1892499607595476
EID_11262,0.18726723793357475
EID_24388,0.18947302012914002
EID_19271,0.1953989158008988
EID_15363,0.19122754818252136
EID_16555,0.19361460037059663
EID_7387,0.1734621504110279
EID_2692,0.20691377693202556
EID_19754,0.20260941832662263
EID_10859,0.17248209789789518
EID_16618,0.18075931406754228
EID_1697,0.1838366672157419
EID_3764,0.15784061263645005
EID_4502,0.1711108989496062
EID_19240,0.18095925022312884
EID_22590,0.19745767958858337
EID_14056,0.1828118323967198
EID_20697,0.18241139739752027
EID_2505,0.17661644267852206
EID_23288,0.19322649490029875
EID_23373,0.20297543529798204
EID_18878,0.17634159103189925
EID_11857,0.19257713390471712
EID_25945,0.209896542185869
EID_18242,0.1892875714482946
EID_22823,0.19797314301378333
EID_5625,0.175396577377946
EID_6702,0.17316616052037462
EID_24252,0.19432586832772403
EID_12704,0.188968118687179
EID_1770,0.19464059310961043
EID_10159,0.1951828670441097
EID_3702,0.18324061454830176
EID_2688,0.19554312137375582
EID_19784,0.18367921669609655
EID_3636,0.18164399189931454
EID_14537,0.19326238087729963
EID_4878,0.20015293529955183
EID_10260,0.1932135321266674
EID_5154,0.17394556346927778
EID_21206,0.17950553212849313
EID_15511,0.19743851231999027
EID_8010,0.19518783238511583
EID_6249,0.1826300171094384
EID_7392,0.16940299926132737
EID_18362,0.33062327163976174
EID_14147,0.17210172939832216
EID_24826,0.2443131146902682
EID_10862,0.18508865827055535
EID_3088,0.1761561554279838
EID_2871,0.19233265477571848
EID_22681,0.15849725616908725
EID_3720,0.18652994569455925
EID_21540,0.15124946926698904
EID_3516,0.16624013315916517
EID_10969,0.20638798226385396
EID_11396,0.19681628114077374
EID_11407,0.19142774894309988
EID_19264,0.19055991147611173
EID_12406,0.1853195411394066
EID_19440,0.1447111026360287
EID_22729,0.19643694982299437
EID_21143,0.1747469654186537
EID_19936,0.1861329576582553
EID_13997,0.18111888506690346
EID_15533,0.2053706301216809
EID_22065,0.17479715475732074
EID_6600,0.17215220131635606
EID_15316,0.19593183581057774
EID_10721,0.18445302587260515
EID_20630,0.2341094682316832
EID_17720,0.19886260694271113
EID_7692,0.18982415841484926
EID_25004,0.1771862018390758
EID_1804,0.17619024256663943
EID_25207,0.20308000826172054
EID_7638,0.19641302994163126
EID_8179,0.18355092500210776
EID_23406,0.16396776455799875
EID_19285,0.3386853658879415
EID_15333,0.22590162343619072
EID_9685,0.18629066528704952
EID_15725,0.21881315753902789
EID_8302,0.24621062303436253
EID_10726,0.1879664824610022
EID_6168,0.16844674129940904
EID_16711,0.18265523650106663
EID_24881,0.1889848855803573
EID_15281,0.1747970425977274
EID_17428,0.17739437244849493
EID_2814,0.1926013278815504
EID_8717,0.1893565503339415
EID_4395,0.19868566633303356
EID_22871,0.19151819298090636
EID_22152,0.18098695658100353
EID_23649,0.17952853414360548
EID_24748,0.196110838893135
EID_25426,0.1548213025156518
EID_13986,0.18575555933954496
EID_19704,0.19275200809466694
EID_15554,0.1745445199766239
EID_23100,0.18180255128573047
EID_25408,0.18945726409978048
EID_15870,0.22037725675044134
EID_4048,0.1943072805562416
EID_12712,0.16945508160075748
EID_1937,0.1656546175765567
EID_14246,0.1892662602593574
EID_2569,0.13553737871292848
EID_6228,0.17903102394993092
EID_21309,0.18470695055017677
EID_16971,0.19377920803351717
EID_25273,0.22881103329757824
EID_8968,0.19806777289536867
EID_21475,0.19939786042351396
EID_1982,0.18656090003118722
EID_23627,0.2334383281176718
EID_14209,0.16808728620151084
EID_22365,0.23266175377289686
EID_21031,0.18042326719767587
EID_16883,0.2022355337084872
EID_15734,0.22399997595888002
EID_20840,0.17763818296831077
EID_20792,0.1885483198281281
EID_2652,0.16990999465968148
EID_3079,0.17964679827494998
EID_1425,0.17968261474474884
EID_17271,0.2066315930030739
EID_22724,0.19592207435090767
EID_23964,0.18544581626351633
EID_9333,0.1828794194132038
EID_12374,0.19186928369632095
EID_25107,0.21881892545416412
EID_22869,0.19727558687532015
EID_18753,0.33209495799054956
EID_16805,0.28552502419285974
EID_19994,0.18501045842988706
EID_3004,0.17227938489985256
EID_12616,0.2059916029600758
EID_6090,0.15007123625945926
EID_3303,0.20594771586606825
EID_9435,0.20515942796312053
EID_1838,0.14860841478114456
EID_15681,0.17773084686235913
EID_17496,0.19043665086324968
EID_8456,0.18873057047603609
EID_23174,0.15772378850840837
EID_8285,0.1919805261870206
EID_6547,0.16399104706822965
EID_23648,0.19544664590870908
EID_7958,0.1713087342508775
EID_19299,0.3378562285487843
EID_8699,0.1772629559741159
EID_14528,0.18863653679577355
EID_23167,0.19072291591139945
EID_25289,0.19521112637341634
EID_12802,0.20798189015747648
EID_15986,0.1635735827525139
EID_3609,0.17951727900967113
EID_2045,0.19674849605380362
EID_1788,0.1642999645210786
EID_22630,0.1738095667227372
EID_10542,0.1623117054013674
EID_13101,0.26246521625672425
EID_5159,0.19434964797700088
EID_18490,0.3356210524241267
EID_25693,0.18144136744816203
EID_20514,0.1711929150799809
EID_3713,0.18654573023451784
EID_11193,0.1933866971661825
EID_6052,0.1772629362841368
EID_6986,0.17014065804362108
EID_9104,0.17211567649422072
EID_23058,0.22689323783890275
EID_3156,0.1786546085240784
EID_17660,0.17419144066000475
EID_17514,0.18442374493717067
EID_15370,0.18055626599601354
EID_12207,0.19433049686188808
EID_7351,0.1772208216026019
EID_24727,0.19108180713921985
EID_6356,0.16531848084065975
EID_15421,0.20081729361633216
EID_11772,0.20501268937322634
EID_14071,0.1895184556695425
EID_16359,0.18875188218576217
EID_16919,0.2270829068923486
EID_21496,0.19372231499776052
EID_10564,0.1896585811018942
EID_3773,0.16891015263254416
EID_9484,0.18490658710501712
EID_13601,0.18498926168239893
EID_13843,0.20543868804495566
EID_8774,0.1942041721697846
EID_7542,0.18054562062047375
EID_3388,0.20002458508011897
EID_17949,0.2002435512283358
EID_1815,0.175296380839985
EID_10479,0.19550070010774714
EID_10722,0.17865906380926905
EID_3427,0.19542221441950133
EID_18205,0.21554970006125065
EID_21650,0.2003570848746436
EID_23124,0.17009380646352718
EID_4294,0.1811597162442207
EID_13366,0.16778919250656127
EID_13957,0.1916238381521741
EID_3578,0.19407971183058323
EID_24105,0.36684679489365457
EID_13186,0.17818035988721168
EID_24214,0.19670876004835428
EID_17251,0.20876940956818443
EID_23225,0.17491651350867718
EID_2152,0.17396582517852974
EID_10625,0.20791419877600728
EID_2044,0.1701431383732729
EID_7201,0.17835901211511554
EID_2405,0.203577242249505
EID_22716,0.18938356970799794
EID_22728,0.21985436095898464
EID_21251,0.17380095568068868
EID_6915,0.1770606295087958
EID_14744,0.1521511118813593
EID_15814,0.208590187111646
EID_6659,0.2451385188732051
EID_10991,0.17683337081312162
EID_6500,0.17447187639370274
EID_19121,0.1732973205631011
EID_6278,0.19383091956424503
EID_13236,0.18837971921610963
EID_5382,0.16161220039491966
EID_6871,0.1973192004188039
EID_5012,0.17587927960023278
EID_1268,0.1870337564414031
EID_6588,0.17766081525676145
EID_22163,0.19104973699863925
EID_11121,0.18821139479974786
EID_22615,0.1732017639154706
EID_7838,0.20271025021017852
EID_3344,0.18052302687865535
EID_25292,0.19307598905565895
EID_10730,0.18560347666659233
EID_10317,0.16444323026207586
EID_13443,0.2026512544419133
EID_10988,0.1761325784677401
EID_23091,0.17093963563591605
EID_1839,0.19257377516678564
EID_13892,0.1731451180758009
EID_1496,0.16223859138892957
EID_15045,0.20495469094545546
EID_3744,0.1575881985489679
EID_13010,0.19100396167462438
EID_9716,0.14886051802344033
EID_2993,0.18529434182276436
EID_23435,0.16216437066884723
EID_8587,0.18982107697233497
EID_22132,0.1926483718283406
EID_21413,0.20404636501714635
EID_11881,0.2152627800479575
EID_19850,0.2125779381014117
EID_18460,0.33425303160598524
EID_17983,0.16685196718571474
EID_14888,0.22278251370541505
EID_14002,0.19329198171236048
EID_13524,0.18374807823195768
EID_4049,0.19052375324071089
EID_6535,0.1820215278601404
EID_10557,0.18062215116041047
EID_1313,0.1841257268453642
EID_12424,0.1790280695985408
EID_8210,0.17741166840679592
EID_22378,0.18538363738852381
EID_19644,0.1932964364039443
EID_8790,0.19498263070500405
EID_5778,0.19603751257613056
EID_23887,0.13898427275059824
EID_16103,0.19296974343739673
EID_20604,0.19593495368405411
EID_17378,0.16686236007186375
EID_5566,0.18304798338917086
EID_24264,0.16946249962909563
EID_7814,0.20766855173847537
EID_1968,0.19765016911734232
EID_10282,0.21082015252048952
EID_13648,0.17927814407696252
EID_22376,0.19698482951294666
EID_3690,0.18922295771628372
EID_17871,0.19915924919001715
EID_19167,0.3400045877248346
EID_5366,0.1881416271996099
EID_16996,0.19427916602203707
EID_1953,0.18660577548494095
EID_8760,0.18730946138888732
EID_20448,0.20334763877226963
EID_15787,0.1981135673063948
EID_18982,0.1919188718140482
EID_4388,0.16969953774421614
EID_22325,0.23461028672260045
EID_10189,0.17736143623029355
EID_21162,0.18959193468132204
EID_1032,0.17498158208755282
EID_12045,0.23011215920558276
EID_18324,0.18456790983817278
EID_15085,0.17983368610014647
EID_21927,0.2142839113644139
EID_13325,0.21658694714347626
EID_17801,0.20679533353638563
EID_7678,0.1543089909965252
EID_17469,0.15861044054202691
EID_14318,0.18596796589341416
EID_16439,0.20777718052033914
EID_2307,0.13348084085117143
EID_20011,0.18428967055599985
EID_19381,0.3344365552517232
EID_14043,0.1843277826696245
EID_14774,0.17272433836797105
EID_22982,0.18012468059639034
EID_19092,0.3263291774153105
EID_13137,0.1906266837049578
EID_5738,0.1838147970390295
EID_19661,0.16697574806189308
EID_22570,0.18204220166974125
EID_16393,0.21901957628169916
EID_4256,0.1747219639549641
EID_17873,0.23981006464681007
EID_13832,0.1811852712222078
EID_17617,0.16019769242696283
EID_3106,0.1852273363187266
EID_6567,0.1811844765597375
EID_4727,0.17731771101492302
EID_14518,0.22932614659176678
EID_1070,0.13856088070756936
EID_19385,0.20047876544476426
EID_20032,0.20001384249461776
EID_11714,0.18725549806843872
EID_23636,0.17941613563683018
EID_1985,0.16856889128406471
EID_5627,0.2213057899845573
EID_15171,0.22199530647137916
EID_8811,0.17559218717940064
EID_2163,0.190299509781213
EID_8459,0.16039847025434803
EID_18138,0.20985899514374745
EID_17518,0.19205219280780647
EID_17432,0.18799603637902892
EID_25686,0.17375403718290902
EID_2470,0.2011156655396042
EID_16311,0.2363614692242342
EID_6903,0.19016813521876916
EID_11990,0.18727200781055192
EID_23460,0.1945210576062007
EID_25924,0.3041671036410189
EID_13985,0.18793514725958593
EID_5455,0.19541699729386156
EID_13427,0.18557028647038995
EID_24855,0.1792942330912565
EID_15532,0.16710696957217172
EID_8953,0.17232465013486686
EID_22683,0.1961080152954155
EID_22493,0.3329817505753457
EID_1451,0.17074547887536354
EID_20796,0.19524462253135658
EID_17281,0.19194049157031332
EID_7767,0.1926151152630229
EID_20838,0.21346465402897744
EID_17235,0.19284993913959464
EID_21615,0.18088223028232756
EID_6972,0.18425901732394812
EID_13930,0.18650099466699088
EID_4188,0.20921855314770646
EID_11277,0.1920797211835035
EID_18053,0.19413569793926586
EID_11288,0.20021964230830608
EID_1148,0.18632749785090374
EID_19216,0.2813182679787093
EID_7660,0.14876243324985017
EID_22805,0.23948551146093328
EID_11931,0.16785395617680068
EID_16921,0.18926063206300184
EID_4993,0.1840014980599448
EID_18070,0.19249893517402106
EID_15648,0.1879849307199663
EID_11404,0.17437048436923358
EID_14248,0.19779904789050018
EID_15424,0.15727680780143002
EID_8039,0.17235709327569507
EID_7094,0.18005254140568788
EID_13161,0.17046563867357717
EID_9293,0.1648192963326924
EID_4351,0.1663452870269657
EID_17259,0.18310790824027479
EID_2681,0.17916989643280748
EID_22123,0.18578570407990191
EID_8528,0.13515145355544564
EID_11798,0.18667855800697128
EID_20265,0.20167628420817502
EID_21396,0.32908812140195726
EID_12220,0.18352061102274236
EID_25722,0.2692216696083337
EID_21719,0.33001228822986417
EID_3506,0.16227783135761553
EID_2139,0.20328524254644217
EID_6562,0.1799871398545261
EID_4353,0.18325836284200747
EID_24392,0.18567471562732926
EID_11238,0.18505503517252256
EID_20617,0.2003935138376109
EID_21473,0.18471687885600002
EID_16837,0.19064657708305208
EID_1800,0.17099649915771906
EID_25849,0.20466942183432374
EID_9395,0.20283868346791306
EID_2415,0.16955696202474635
EID_9286,0.18467506769217096
EID_5081,0.18175821990672344
EID_22546,0.1772364530383251
EID_11932,0.18783025451474947
EID_16292,0.16869227883592985
EID_17882,0.16925872889801277
EID_20889,0.18038258454428188
EID_10031,0.16170114357362533
EID_21576,0.19111842523115782
EID_8256,0.19112899752650375
EID_2614,0.18956119538607172
EID_2098,0.18702430620606839
EID_10242,0.18909193127318755
EID_21993,0.21552821918646053
EID_22664,0.1795227993939652
EID_1919,0.1804749571966198
EID_11629,0.1753154628233485
EID_6840,0.1916448960979438
EID_25493,0.18823286166218153
EID_14968,0.1595122767820009
EID_25313,0.1708627055257668
EID_8035,0.16186640644221767
EID_8969,0.17939780275412234
EID_15223,0.18833768483710783
EID_6266,0.1906398500701737
EID_8184,0.18994758922538357
EID_19480,0.18253694041203103
EID_19076,0.18543595739552787
EID_16339,0.1834771958039277
EID_7963,0.17993809066900893
EID_17427,0.19568310923174348
EID_12641,0.18573531943363972
EID_4122,0.19214592188334192
EID_23659,0.2367294905816161
EID_13486,0.18429116241622842
EID_18423,0.19391064151781817
EID_2181,0.16513504869670423
EID_25490,0.1867780390450581
EID_9211,0.18511576676049402
EID_5237,0.17568210122572822
EID_2418,0.1765130193632079
EID_17716,0.18929117058017886
EID_13837,0.22477353219865234
EID_2840,0.1916311951464679
EID_13004,0.20830230666087246
EID_14429,0.18135333893457428
EID_18915,0.3902594791386598
EID_22415,0.32694188349281583
EID_4304,0.19020987317248123
EID_10753,0.20069703698440533
EID_22612,0.16917313480732293
EID_1857,0.1832227203896529
EID_3566,0.19667982678741702
EID_8545,0.2054078858704732
EID_21685,0.19346122486127473
EID_9946,0.19801413286313443
EID_20447,0.23432489650602506
EID_3887,0.1580047161116384
EID_8351,0.19988863908323887
EID_23889,0.19424768567345227
EID_8248,0.17190248107751854
EID_16621,0.19691159468535654
EID_25138,0.14684711051041668
EID_10004,0.18032474708883847
EID_5522,0.20495244436456808
EID_23416,0.1686660869833708
EID_14897,0.1864067584632974
EID_10840,0.17813795808915653
EID_21716,0.20098266923989982
EID_18484,0.18831535579623906
EID_7402,0.19741677831264023
EID_24854,0.18554113881018838
EID_1610,0.19648312580344113
EID_17592,0.19536948057315318
EID_22128,0.19122443652734086
EID_17304,0.19020262825510853
EID_1508,0.19031538574463921
EID_20492,0.20028126791053774
EID_2324,0.20463731461217788
EID_17093,0.17908010091225873
EID_23356,0.17988863698457166
EID_17895,0.2022827031947165
EID_8186,0.176466287568142
EID_19358,0.18888517587202464
EID_6030,0.1934312238140867
EID_17457,0.20066037137585546
EID_14976,0.19862130764065192
EID_8914,0.1674614263982635
EID_5721,0.17432228568015046
EID_11266,0.17876769749543767
EID_17012,0.1682924029418938
EID_7554,0.18031714352285463
EID_3087,0.17763115265026042
EID_19716,0.1837310451871346
EID_21723,0.17162635432208015
EID_13072,0.21433403550434413
EID_9776,0.19073223054389504
EID_25927,0.19904373710727488
EID_5593,0.18076061995606785
EID_13954,0.17693234809468691
EID_16034,0.17260568056804906
EID_1719,0.18685719199150344
EID_23054,0.20090032884813278
EID_15591,0.1599227026705899
EID_5178,0.19630500509200227
EID_24346,0.23748328589616385
EID_21264,0.1940653993531127
EID_3292,0.17422715633753044
EID_14975,0.21686922748551674
EID_9165,0.19771310417180893
EID_23369,0.19497628590060825
EID_18767,0.18713390610152617
EID_10153,0.15090077956879325
EID_2542,0.1642216240217872
EID_23826,0.19422958012845382
EID_20391,0.1915268642513799
EID_8633,0.18449046694178967
EID_5875,0.16844511900348252
EID_12699,0.22506529603197062
EID_12982,0.20444341396958074
EID_16392,0.1821144499694705
EID_8185,0.1888747402949882
EID_15462,0.18651057245897862
EID_4853,0.22171523509154553
EID_17622,0.22277326708617531
EID_23074,0.21825110779529963
EID_6390,0.1795879335430703
EID_24539,0.17763307862228456
EID_12963,0.1802436609433639
EID_8649,0.186774168568624
EID_11810,0.17931994305348753
EID_3598,0.18943927534666533
EID_13511,0.16754011836403035
EID_16014,0.27039766035569157
EID_24791,0.19597479812165217
EID_3417,0.18581723837464534
EID_24668,0.18208591739448723
EID_4508,0.1794568966336449
EID_25150,0.20377416211464186
EID_25934,0.179754495754664
EID_6308,0.25941696260996444
EID_10508,0.18412517924130423
EID_18724,0.317085090874744
EID_10536,0.18230865010978822
EID_18738,0.31599587199491824
EID_15949,0.19234951082306165
EID_20722,0.19712953964808178
EID_14963,0.18837618348376672
EID_6682,0.1731993927344394
EID_8365,0.18577465121693038
EID_17999,0.1850509597819707
EID_24499,0.18310401924598763
EID_20389,0.16363384913803494
EID_12123,0.1879724816850977
EID_19203,0.1867203304333043
EID_3538,0.1853501369557769
EID_19811,0.19708055715205444
EID_11473,0.19154985925497597
EID_3032,0.16893617869615116
EID_8419,0.1865036025505083
EID_9052,0.17762100906371553
EID_15837,0.19492743314002195
EID_6644,0.1775613489910277
EID_16894,0.20428635783782945
EID_10552,0.20836586974054874
EID_14750,0.16841051483982764
EID_16659,0.1762621977665061
EID_4472,0.17725993494280395
EID_4076,0.18278011734332983
EID_5163,0.15899028656663478
EID_25923,0.15719458865450828
EID_24806,0.16870917501309154
EID_3742,0.18466348976248628
EID_19722,0.18125054275044428
EID_18033,0.18528995692544695
EID_16718,0.16700896227346881
EID_13182,0.18396332687863445
EID_23021,0.20098312301299986
EID_20329,0.18217471499174442
EID_8770,0.17870556961909806
EID_11234,0.18875053077240767
EID_18881,0.16958803034609635
EID_1365,0.21350120357714703
EID_19318,0.33772972185786604
EID_19343,0.18970901234582968
EID_4435,0.17566064196348996
EID_22102,0.2018275634020111
EID_24095,0.16784308361605615
EID_9897,0.1902220125345601
EID_21635,0.17949096032559997
EID_16514,0.20422933008540634
EID_1997,0.20171257149264543
EID_10324,0.20097241218431328
EID_6487,0.19212358572320762
EID_21197,0.19066456064172313
EID_19082,0.2002555223284415
EID_17562,0.16935681567498978
EID_8738,0.1848433771102125
EID_13687,0.15306911097825787
EID_19572,0.1994179282865404
EID_24909,0.18125921786149082
EID_21814,0.17440624292983775
EID_12083,0.18820795847170618
EID_25919,0.1761755387733172
EID_19140,0.15962076437850414
EID_23924,0.18774625004920015
EID_1208,0.1789724068391637
EID_18170,0.1915655911404657
EID_18699,0.1516108072878379
EID_1318,0.15698384182851197
EID_14941,0.20120077407213907
EID_6540,0.17452879925399972
EID_20936,0.18115576492000052
EID_9705,0.20034812355387058
EID_24181,0.1937718457324153
EID_22138,0.18469263880126477
EID_23044,0.18493028948166312
EID_9038,0.20131910977905895
EID_3247,0.19005491393571605
EID_19630,0.22578551940931277
EID_8655,0.19685436571289694
EID_10423,0.18701853589205766
EID_3946,0.18633974652193697
EID_16512,0.19789570728941647
EID_12473,0.22331012405227182
EID_11571,0.16537556298131756
EID_14381,0.1975837506633089
EID_12675,0.20922476110324714
EID_1930,0.17477592936624342
EID_20155,0.19482222161229293
EID_22902,0.1903980292991488
EID_24145,0.1657846490287832
EID_5342,0.1923559913586536
EID_8334,0.17333828586824523
EID_25708,0.1947013559530187
EID_19991,0.1932343956691972
EID_5499,0.19868239765941326
EID_5953,0.18311921730630495
EID_7444,0.18591841571382212
EID_6218,0.19644308176268277
EID_12891,0.1815425130672841
EID_16456,0.23476267892559255
EID_20256,0.20074814270243554
EID_9959,0.18917552388063594
EID_8845,0.18093893700328906
EID_1662,0.1910878704736196
EID_8739,0.16689616828863316
EID_20695,0.28489626245721195
EID_19446,0.19394277702863374
EID_12441,0.2014869061323832
EID_13066,0.17927580547734248
EID_8911,0.1826908567101412
EID_22200,0.16713429344808742
EID_9689,0.1719780678901087
EID_1668,0.24289955168580907
EID_8120,0.1963192971363798
EID_22777,0.1791111038688402
EID_19141,0.18154208437193325
EID_22674,0.1656788171492032
EID_16121,0.14994432624276754
EID_14662,0.19558793625249382
EID_23290,0.18542605962489275
EID_20144,0.23381657777200707
EID_23052,0.2255505402439671
EID_25575,0.18351410697969142
EID_23724,0.17510666397700358
EID_14759,0.1881552515075188
EID_25209,0.18757849871993382
EID_17753,0.18012478251236327
EID_4693,0.19399954073198006
EID_17284,0.19271991591255305
EID_9131,0.17601574043716411
EID_24625,0.16918831452636013
EID_24912,0.18822032630678806
EID_19612,0.16139351754502662
EID_9147,0.25267698735741745
EID_6891,0.18170018772259885
EID_10639,0.19140826572654912
EID_5880,0.18519369282894646
EID_22547,0.249502784505287
EID_10066,0.1560170087722008
EID_7126,0.17780246393465193
EID_4929,0.18617285791435592
EID_24750,0.18953272991170209
